Mês/Ano;Estado;Qtd
jan/07;RO;0
fev/07;RO;1
mar/07;RO;3
abr/07;RO;1
mai/07;RO;1
jun/07;RO;1
jul/07;RO;1
ago/07;RO;1
set/07;RO;1
out/07;RO;5
nov/07;RO;0
dez/07;RO;1
jan/08;RO;1
fev/08;RO;2
mar/08;RO;7
abr/08;RO;3
mai/08;RO;3
jun/08;RO;3
jul/08;RO;1
ago/08;RO;0
set/08;RO;4
out/08;RO;1
nov/08;RO;2
dez/08;RO;1
jan/09;RO;1
fev/09;RO;4
mar/09;RO;3
abr/09;RO;0
mai/09;RO;5
jun/09;RO;2
jul/09;RO;4
ago/09;RO;7
set/09;RO;6
out/09;RO;9
nov/09;RO;1
dez/09;RO;3
jan/10;RO;1
fev/10;RO;3
mar/10;RO;2
abr/10;RO;3
mai/10;RO;3
jun/10;RO;0
jul/10;RO;2
ago/10;RO;0
set/10;RO;3
out/10;RO;2
nov/10;RO;4
dez/10;RO;2
jan/11;RO;1
fev/11;RO;2
mar/11;RO;3
abr/11;RO;7
mai/11;RO;4
jun/11;RO;4
jul/11;RO;4
ago/11;RO;4
set/11;RO;7
out/11;RO;11
nov/11;RO;6
dez/11;RO;3
jan/12;RO;2
fev/12;RO;2
mar/12;RO;2
abr/12;RO;9
mai/12;RO;6
jun/12;RO;3
jul/12;RO;6
ago/12;RO;9
set/12;RO;6
out/12;RO;5
nov/12;RO;7
dez/12;RO;4
jan/13;RO;4
fev/13;RO;7
mar/13;RO;1
abr/13;RO;6
mai/13;RO;7
jun/13;RO;4
jul/13;RO;5
ago/13;RO;3
set/13;RO;6
out/13;RO;7
nov/13;RO;7
dez/13;RO;3
jan/14;RO;5
fev/14;RO;9
mar/14;RO;5
abr/14;RO;2
mai/14;RO;5
jun/14;RO;3
jul/14;RO;3
ago/14;RO;6
set/14;RO;4
out/14;RO;4
nov/14;RO;6
dez/14;RO;5
jan/15;RO;9
fev/15;RO;7
mar/15;RO;6
abr/15;RO;2
mai/15;RO;4
jun/15;RO;5
jul/15;RO;2
ago/15;RO;13
set/15;RO;8
out/15;RO;12
nov/15;RO;6
dez/15;RO;8
jan/16;RO;7
fev/16;RO;10
mar/16;RO;10
abr/16;RO;10
mai/16;RO;2
jun/16;RO;12
jul/16;RO;6
ago/16;RO;10
set/16;RO;7
out/16;RO;11
nov/16;RO;10
dez/16;RO;10
jan/17;RO;10
fev/17;RO;9
mar/17;RO;4
abr/17;RO;3
mai/17;RO;12
jun/17;RO;18
jul/17;RO;11
ago/17;RO;18
set/17;RO;16
out/17;RO;26
nov/17;RO;24
dez/17;RO;8
jan/18;RO;17
fev/18;RO;14
mar/18;RO;11
abr/18;RO;24
mai/18;RO;19
jun/18;RO;19
jul/18;RO;16
ago/18;RO;24
set/18;RO;30
out/18;RO;18
nov/18;RO;27
dez/18;RO;26
jan/19;RO;27
fev/19;RO;25
mar/19;RO;25
abr/19;RO;25
mai/19;RO;42
jun/19;RO;47
jul/19;RO;40
ago/19;RO;42
set/19;RO;58
out/19;RO;38
nov/19;RO;40
dez/19;RO;15
jan/20;RO;0
fev/20;RO;0
mar/20;RO;0
abr/20;RO;0
mai/20;RO;0
jun/20;RO;0
jul/20;RO;0
ago/20;RO;0
set/20;RO;0
out/20;RO;0
nov/20;RO;0
dez/20;RO;0
jan/07;AC;0
fev/07;AC;0
mar/07;AC;0
abr/07;AC;0
mai/07;AC;0
jun/07;AC;0
jul/07;AC;0
ago/07;AC;0
set/07;AC;0
out/07;AC;0
nov/07;AC;0
dez/07;AC;0
jan/08;AC;0
fev/08;AC;0
mar/08;AC;0
abr/08;AC;0
mai/08;AC;0
jun/08;AC;0
jul/08;AC;0
ago/08;AC;0
set/08;AC;0
out/08;AC;0
nov/08;AC;0
dez/08;AC;0
jan/09;AC;0
fev/09;AC;0
mar/09;AC;0
abr/09;AC;0
mai/09;AC;0
jun/09;AC;0
jul/09;AC;0
ago/09;AC;0
set/09;AC;0
out/09;AC;0
nov/09;AC;-
dez/09;AC;-
jan/10;AC;0
fev/10;AC;0
mar/10;AC;0
abr/10;AC;0
mai/10;AC;0
jun/10;AC;0
jul/10;AC;1
ago/10;AC;0
set/10;AC;0
out/10;AC;0
nov/10;AC;0
dez/10;AC;0
jan/11;AC;0
fev/11;AC;0
mar/11;AC;0
abr/11;AC;1
mai/11;AC;0
jun/11;AC;0
jul/11;AC;0
ago/11;AC;0
set/11;AC;0
out/11;AC;0
nov/11;AC;0
dez/11;AC;0
jan/12;AC;0
fev/12;AC;0
mar/12;AC;0
abr/12;AC;0
mai/12;AC;1
jun/12;AC;0
jul/12;AC;0
ago/12;AC;0
set/12;AC;0
out/12;AC;0
nov/12;AC;0
dez/12;AC;0
jan/13;AC;0
fev/13;AC;0
mar/13;AC;0
abr/13;AC;0
mai/13;AC;0
jun/13;AC;0
jul/13;AC;0
ago/13;AC;0
set/13;AC;0
out/13;AC;0
nov/13;AC;0
dez/13;AC;0
jan/14;AC;0
fev/14;AC;0
mar/14;AC;1
abr/14;AC;0
mai/14;AC;0
jun/14;AC;0
jul/14;AC;0
ago/14;AC;0
set/14;AC;0
out/14;AC;0
nov/14;AC;0
dez/14;AC;0
jan/15;AC;0
fev/15;AC;0
mar/15;AC;2
abr/15;AC;0
mai/15;AC;1
jun/15;AC;0
jul/15;AC;0
ago/15;AC;2
set/15;AC;4
out/15;AC;3
nov/15;AC;6
dez/15;AC;5
jan/16;AC;3
fev/16;AC;10
mar/16;AC;5
abr/16;AC;4
mai/16;AC;1
jun/16;AC;3
jul/16;AC;4
ago/16;AC;3
set/16;AC;10
out/16;AC;3
nov/16;AC;3
dez/16;AC;3
jan/17;AC;6
fev/17;AC;8
mar/17;AC;4
abr/17;AC;2
mai/17;AC;3
jun/17;AC;7
jul/17;AC;9
ago/17;AC;16
set/17;AC;17
out/17;AC;22
nov/17;AC;12
dez/17;AC;14
jan/18;AC;16
fev/18;AC;11
mar/18;AC;14
abr/18;AC;12
mai/18;AC;18
jun/18;AC;14
jul/18;AC;15
ago/18;AC;14
set/18;AC;20
out/18;AC;21
nov/18;AC;9
dez/18;AC;13
jan/19;AC;22
fev/19;AC;9
mar/19;AC;7
abr/19;AC;21
mai/19;AC;30
jun/19;AC;22
jul/19;AC;22
ago/19;AC;12
set/19;AC;23
out/19;AC;28
nov/19;AC;22
dez/19;AC;21
jan/20;AC;10
fev/20;AC;11
mar/20;AC;16
abr/20;AC;2
mai/20;AC;0
jun/20;AC;0
jul/20;AC;0
ago/20;AC;0
set/20;AC;0
out/20;AC;0
nov/20;AC;0
dez/20;AC;0
jan/07;AM;0
fev/07;AM;0
mar/07;AM;0
abr/07;AM;0
mai/07;AM;0
jun/07;AM;0
jul/07;AM;0
ago/07;AM;0
set/07;AM;0
out/07;AM;0
nov/07;AM;0
dez/07;AM;0
jan/08;AM;0
fev/08;AM;0
mar/08;AM;0
abr/08;AM;0
mai/08;AM;0
jun/08;AM;0
jul/08;AM;1
ago/08;AM;0
set/08;AM;0
out/08;AM;0
nov/08;AM;0
dez/08;AM;0
jan/09;AM;0
fev/09;AM;0
mar/09;AM;0
abr/09;AM;0
mai/09;AM;0
jun/09;AM;0
jul/09;AM;0
ago/09;AM;0
set/09;AM;0
out/09;AM;0
nov/09;AM;1
dez/09;AM;0
jan/10;AM;2
fev/10;AM;3
mar/10;AM;3
abr/10;AM;2
mai/10;AM;1
jun/10;AM;0
jul/10;AM;3
ago/10;AM;0
set/10;AM;1
out/10;AM;2
nov/10;AM;2
dez/10;AM;1
jan/11;AM;2
fev/11;AM;0
mar/11;AM;0
abr/11;AM;0
mai/11;AM;0
jun/11;AM;1
jul/11;AM;3
ago/11;AM;2
set/11;AM;5
out/11;AM;1
nov/11;AM;1
dez/11;AM;1
jan/12;AM;2
fev/12;AM;6
mar/12;AM;7
abr/12;AM;5
mai/12;AM;7
jun/12;AM;1
jul/12;AM;6
ago/12;AM;8
set/12;AM;0
out/12;AM;5
nov/12;AM;2
dez/12;AM;3
jan/13;AM;3
fev/13;AM;4
mar/13;AM;9
abr/13;AM;6
mai/13;AM;9
jun/13;AM;13
jul/13;AM;10
ago/13;AM;3
set/13;AM;10
out/13;AM;4
nov/13;AM;9
dez/13;AM;12
jan/14;AM;10
fev/14;AM;12
mar/14;AM;16
abr/14;AM;6
mai/14;AM;12
jun/14;AM;7
jul/14;AM;14
ago/14;AM;9
set/14;AM;18
out/14;AM;9
nov/14;AM;14
dez/14;AM;4
jan/15;AM;11
fev/15;AM;14
mar/15;AM;18
abr/15;AM;15
mai/15;AM;23
jun/15;AM;21
jul/15;AM;6
ago/15;AM;21
set/15;AM;14
out/15;AM;18
nov/15;AM;22
dez/15;AM;16
jan/16;AM;15
fev/16;AM;13
mar/16;AM;23
abr/16;AM;15
mai/16;AM;16
jun/16;AM;16
jul/16;AM;21
ago/16;AM;14
set/16;AM;9
out/16;AM;10
nov/16;AM;15
dez/16;AM;7
jan/17;AM;14
fev/17;AM;9
mar/17;AM;10
abr/17;AM;5
mai/17;AM;8
jun/17;AM;5
jul/17;AM;15
ago/17;AM;11
set/17;AM;8
out/17;AM;13
nov/17;AM;8
dez/17;AM;5
jan/18;AM;12
fev/18;AM;7
mar/18;AM;11
abr/18;AM;8
mai/18;AM;10
jun/18;AM;6
jul/18;AM;6
ago/18;AM;10
set/18;AM;4
out/18;AM;15
nov/18;AM;16
dez/18;AM;14
jan/19;AM;17
fev/19;AM;11
mar/19;AM;17
abr/19;AM;28
mai/19;AM;15
jun/19;AM;24
jul/19;AM;19
ago/19;AM;18
set/19;AM;22
out/19;AM;26
nov/19;AM;16
dez/19;AM;12
jan/20;AM;15
fev/20;AM;7
mar/20;AM;11
abr/20;AM;3
mai/20;AM;0
jun/20;AM;0
jul/20;AM;0
ago/20;AM;0
set/20;AM;0
out/20;AM;0
nov/20;AM;0
dez/20;AM;0
jan/07;RR;0
fev/07;RR;0
mar/07;RR;0
abr/07;RR;2
mai/07;RR;1
jun/07;RR;1
jul/07;RR;0
ago/07;RR;0
set/07;RR;1
out/07;RR;2
nov/07;RR;0
dez/07;RR;1
jan/08;RR;0
fev/08;RR;1
mar/08;RR;1
abr/08;RR;0
mai/08;RR;0
jun/08;RR;2
jul/08;RR;1
ago/08;RR;0
set/08;RR;2
out/08;RR;7
nov/08;RR;4
dez/08;RR;1
jan/09;RR;3
fev/09;RR;0
mar/09;RR;4
abr/09;RR;4
mai/09;RR;4
jun/09;RR;3
jul/09;RR;3
ago/09;RR;0
set/09;RR;3
out/09;RR;2
nov/09;RR;3
dez/09;RR;0
jan/10;RR;2
fev/10;RR;0
mar/10;RR;3
abr/10;RR;0
mai/10;RR;1
jun/10;RR;2
jul/10;RR;0
ago/10;RR;3
set/10;RR;4
out/10;RR;1
nov/10;RR;1
dez/10;RR;3
jan/11;RR;1
fev/11;RR;1
mar/11;RR;2
abr/11;RR;1
mai/11;RR;0
jun/11;RR;1
jul/11;RR;2
ago/11;RR;4
set/11;RR;9
out/11;RR;3
nov/11;RR;3
dez/11;RR;3
jan/12;RR;0
fev/12;RR;0
mar/12;RR;1
abr/12;RR;4
mai/12;RR;8
jun/12;RR;5
jul/12;RR;5
ago/12;RR;0
set/12;RR;2
out/12;RR;10
nov/12;RR;3
dez/12;RR;1
jan/13;RR;6
fev/13;RR;4
mar/13;RR;4
abr/13;RR;1
mai/13;RR;3
jun/13;RR;1
jul/13;RR;2
ago/13;RR;3
set/13;RR;5
out/13;RR;5
nov/13;RR;6
dez/13;RR;2
jan/14;RR;11
fev/14;RR;8
mar/14;RR;9
abr/14;RR;7
mai/14;RR;8
jun/14;RR;12
jul/14;RR;6
ago/14;RR;15
set/14;RR;11
out/14;RR;10
nov/14;RR;4
dez/14;RR;10
jan/15;RR;6
fev/15;RR;7
mar/15;RR;4
abr/15;RR;3
mai/15;RR;12
jun/15;RR;7
jul/15;RR;4
ago/15;RR;6
set/15;RR;5
out/15;RR;2
nov/15;RR;4
dez/15;RR;6
jan/16;RR;4
fev/16;RR;10
mar/16;RR;10
abr/16;RR;11
mai/16;RR;7
jun/16;RR;11
jul/16;RR;8
ago/16;RR;10
set/16;RR;11
out/16;RR;9
nov/16;RR;12
dez/16;RR;10
jan/17;RR;11
fev/17;RR;5
mar/17;RR;10
abr/17;RR;7
mai/17;RR;7
jun/17;RR;6
jul/17;RR;8
ago/17;RR;16
set/17;RR;12
out/17;RR;22
nov/17;RR;17
dez/17;RR;14
jan/18;RR;19
fev/18;RR;25
mar/18;RR;10
abr/18;RR;25
mai/18;RR;12
jun/18;RR;12
jul/18;RR;18
ago/18;RR;18
set/18;RR;25
out/18;RR;25
nov/18;RR;18
dez/18;RR;23
jan/19;RR;28
fev/19;RR;18
mar/19;RR;32
abr/19;RR;43
mai/19;RR;25
jun/19;RR;33
jul/19;RR;33
ago/19;RR;28
set/19;RR;40
out/19;RR;49
nov/19;RR;31
dez/19;RR;24
jan/20;RR;29
fev/20;RR;29
mar/20;RR;31
abr/20;RR;11
mai/20;RR;3
jun/20;RR;0
jul/20;RR;0
ago/20;RR;0
set/20;RR;0
out/20;RR;0
nov/20;RR;1
dez/20;RR;0
jan/07;PA;0
fev/07;PA;0
mar/07;PA;0
abr/07;PA;0
mai/07;PA;0
jun/07;PA;0
jul/07;PA;0
ago/07;PA;0
set/07;PA;0
out/07;PA;0
nov/07;PA;0
dez/07;PA;0
jan/08;PA;0
fev/08;PA;3
mar/08;PA;0
abr/08;PA;1
mai/08;PA;0
jun/08;PA;0
jul/08;PA;0
ago/08;PA;1
set/08;PA;1
out/08;PA;1
nov/08;PA;0
dez/08;PA;0
jan/09;PA;0
fev/09;PA;0
mar/09;PA;0
abr/09;PA;1
mai/09;PA;1
jun/09;PA;1
jul/09;PA;0
ago/09;PA;0
set/09;PA;0
out/09;PA;2
nov/09;PA;2
dez/09;PA;0
jan/10;PA;0
fev/10;PA;0
mar/10;PA;2
abr/10;PA;2
mai/10;PA;0
jun/10;PA;2
jul/10;PA;1
ago/10;PA;1
set/10;PA;3
out/10;PA;2
nov/10;PA;0
dez/10;PA;1
jan/11;PA;1
fev/11;PA;0
mar/11;PA;1
abr/11;PA;2
mai/11;PA;8
jun/11;PA;9
jul/11;PA;13
ago/11;PA;6
set/11;PA;5
out/11;PA;9
nov/11;PA;4
dez/11;PA;1
jan/12;PA;7
fev/12;PA;5
mar/12;PA;3
abr/12;PA;4
mai/12;PA;3
jun/12;PA;3
jul/12;PA;4
ago/12;PA;1
set/12;PA;3
out/12;PA;4
nov/12;PA;1
dez/12;PA;8
jan/13;PA;9
fev/13;PA;8
mar/13;PA;9
abr/13;PA;7
mai/13;PA;7
jun/13;PA;6
jul/13;PA;6
ago/13;PA;11
set/13;PA;14
out/13;PA;20
nov/13;PA;10
dez/13;PA;5
jan/14;PA;8
fev/14;PA;8
mar/14;PA;10
abr/14;PA;11
mai/14;PA;10
jun/14;PA;3
jul/14;PA;5
ago/14;PA;6
set/14;PA;5
out/14;PA;4
nov/14;PA;7
dez/14;PA;9
jan/15;PA;4
fev/15;PA;7
mar/15;PA;1
abr/15;PA;7
mai/15;PA;6
jun/15;PA;8
jul/15;PA;1
ago/15;PA;7
set/15;PA;2
out/15;PA;4
nov/15;PA;9
dez/15;PA;3
jan/16;PA;5
fev/16;PA;3
mar/16;PA;6
abr/16;PA;7
mai/16;PA;9
jun/16;PA;12
jul/16;PA;8
ago/16;PA;8
set/16;PA;7
out/16;PA;8
nov/16;PA;8
dez/16;PA;7
jan/17;PA;7
fev/17;PA;9
mar/17;PA;4
abr/17;PA;6
mai/17;PA;11
jun/17;PA;12
jul/17;PA;7
ago/17;PA;13
set/17;PA;12
out/17;PA;9
nov/17;PA;10
dez/17;PA;11
jan/18;PA;5
fev/18;PA;15
mar/18;PA;10
abr/18;PA;10
mai/18;PA;14
jun/18;PA;8
jul/18;PA;14
ago/18;PA;9
set/18;PA;12
out/18;PA;7
nov/18;PA;16
dez/18;PA;10
jan/19;PA;6
fev/19;PA;11
mar/19;PA;9
abr/19;PA;13
mai/19;PA;23
jun/19;PA;34
jul/19;PA;21
ago/19;PA;33
set/19;PA;44
out/19;PA;29
nov/19;PA;33
dez/19;PA;16
jan/20;PA;19
fev/20;PA;18
mar/20;PA;14
abr/20;PA;6
mai/20;PA;0
jun/20;PA;0
jul/20;PA;0
ago/20;PA;0
set/20;PA;0
out/20;PA;0
nov/20;PA;0
dez/20;PA;0
jan/07;AP;0
fev/07;AP;0
mar/07;AP;0
abr/07;AP;0
mai/07;AP;0
jun/07;AP;0
jul/07;AP;0
ago/07;AP;0
set/07;AP;0
out/07;AP;0
nov/07;AP;0
dez/07;AP;0
jan/08;AP;0
fev/08;AP;0
mar/08;AP;0
abr/08;AP;0
mai/08;AP;0
jun/08;AP;0
jul/08;AP;0
ago/08;AP;0
set/08;AP;0
out/08;AP;0
nov/08;AP;0
dez/08;AP;0
jan/09;AP;0
fev/09;AP;0
mar/09;AP;0
abr/09;AP;0
mai/09;AP;0
jun/09;AP;0
jul/09;AP;0
ago/09;AP;0
set/09;AP;0
out/09;AP;0
nov/09;AP;0
dez/09;AP;0
jan/10;AP;0
fev/10;AP;0
mar/10;AP;0
abr/10;AP;0
mai/10;AP;0
jun/10;AP;0
jul/10;AP;0
ago/10;AP;0
set/10;AP;0
out/10;AP;0
nov/10;AP;0
dez/10;AP;0
jan/11;AP;0
fev/11;AP;0
mar/11;AP;0
abr/11;AP;0
mai/11;AP;0
jun/11;AP;0
jul/11;AP;0
ago/11;AP;0
set/11;AP;0
out/11;AP;0
nov/11;AP;0
dez/11;AP;0
jan/12;AP;0
fev/12;AP;0
mar/12;AP;0
abr/12;AP;0
mai/12;AP;0
jun/12;AP;0
jul/12;AP;0
ago/12;AP;0
set/12;AP;1
out/12;AP;0
nov/12;AP;0
dez/12;AP;0
jan/13;AP;0
fev/13;AP;0
mar/13;AP;0
abr/13;AP;0
mai/13;AP;0
jun/13;AP;0
jul/13;AP;0
ago/13;AP;0
set/13;AP;3
out/13;AP;4
nov/13;AP;1
dez/13;AP;0
jan/14;AP;0
fev/14;AP;0
mar/14;AP;0
abr/14;AP;1
mai/14;AP;0
jun/14;AP;0
jul/14;AP;1
ago/14;AP;0
set/14;AP;0
out/14;AP;1
nov/14;AP;0
dez/14;AP;0
jan/15;AP;0
fev/15;AP;0
mar/15;AP;0
abr/15;AP;0
mai/15;AP;0
jun/15;AP;0
jul/15;AP;0
ago/15;AP;0
set/15;AP;0
out/15;AP;0
nov/15;AP;0
dez/15;AP;0
jan/16;AP;0
fev/16;AP;1
mar/16;AP;1
abr/16;AP;1
mai/16;AP;0
jun/16;AP;0
jul/16;AP;0
ago/16;AP;1
set/16;AP;0
out/16;AP;2
nov/16;AP;0
dez/16;AP;0
jan/17;AP;0
fev/17;AP;1
mar/17;AP;1
abr/17;AP;0
mai/17;AP;3
jun/17;AP;0
jul/17;AP;0
ago/17;AP;0
set/17;AP;0
out/17;AP;0
nov/17;AP;0
dez/17;AP;0
jan/18;AP;1
fev/18;AP;0
mar/18;AP;1
abr/18;AP;0
mai/18;AP;2
jun/18;AP;0
jul/18;AP;1
ago/18;AP;2
set/18;AP;7
out/18;AP;2
nov/18;AP;5
dez/18;AP;0
jan/19;AP;5
fev/19;AP;2
mar/19;AP;7
abr/19;AP;4
mai/19;AP;2
jun/19;AP;4
jul/19;AP;6
ago/19;AP;6
set/19;AP;2
out/19;AP;3
nov/19;AP;3
dez/19;AP;0
jan/20;AP;0
fev/20;AP;0
mar/20;AP;1
abr/20;AP;2
mai/20;AP;0
jun/20;AP;0
jul/20;AP;0
ago/20;AP;0
set/20;AP;0
out/20;AP;0
nov/20;AP;0
dez/20;AP;0
jan/07;TO;1
fev/07;TO;9
mar/07;TO;4
abr/07;TO;5
mai/07;TO;6
jun/07;TO;2
jul/07;TO;3
ago/07;TO;0
set/07;TO;7
out/07;TO;17
nov/07;TO;4
dez/07;TO;3
jan/08;TO;6
fev/08;TO;3
mar/08;TO;5
abr/08;TO;6
mai/08;TO;3
jun/08;TO;15
jul/08;TO;21
ago/08;TO;9
set/08;TO;7
out/08;TO;15
nov/08;TO;9
dez/08;TO;14
jan/09;TO;7
fev/09;TO;16
mar/09;TO;24
abr/09;TO;18
mai/09;TO;15
jun/09;TO;20
jul/09;TO;27
ago/09;TO;13
set/09;TO;17
out/09;TO;19
nov/09;TO;11
dez/09;TO;9
jan/10;TO;16
fev/10;TO;15
mar/10;TO;20
abr/10;TO;19
mai/10;TO;14
jun/10;TO;14
jul/10;TO;19
ago/10;TO;29
set/10;TO;22
out/10;TO;30
nov/10;TO;18
dez/10;TO;21
jan/11;TO;26
fev/11;TO;25
mar/11;TO;20
abr/11;TO;16
mai/11;TO;30
jun/11;TO;21
jul/11;TO;16
ago/11;TO;15
set/11;TO;46
out/11;TO;27
nov/11;TO;20
dez/11;TO;18
jan/12;TO;12
fev/12;TO;19
mar/12;TO;23
abr/12;TO;13
mai/12;TO;30
jun/12;TO;20
jul/12;TO;25
ago/12;TO;26
set/12;TO;31
out/12;TO;31
nov/12;TO;19
dez/12;TO;10
jan/13;TO;21
fev/13;TO;20
mar/13;TO;21
abr/13;TO;32
mai/13;TO;31
jun/13;TO;31
jul/13;TO;28
ago/13;TO;41
set/13;TO;43
out/13;TO;36
nov/13;TO;37
dez/13;TO;25
jan/14;TO;38
fev/14;TO;26
mar/14;TO;32
abr/14;TO;34
mai/14;TO;35
jun/14;TO;44
jul/14;TO;21
ago/14;TO;46
set/14;TO;39
out/14;TO;44
nov/14;TO;37
dez/14;TO;27
jan/15;TO;35
fev/15;TO;48
mar/15;TO;37
abr/15;TO;28
mai/15;TO;20
jun/15;TO;27
jul/15;TO;31
ago/15;TO;38
set/15;TO;40
out/15;TO;35
nov/15;TO;38
dez/15;TO;34
jan/16;TO;28
fev/16;TO;34
mar/16;TO;46
abr/16;TO;28
mai/16;TO;27
jun/16;TO;27
jul/16;TO;38
ago/16;TO;47
set/16;TO;44
out/16;TO;50
nov/16;TO;31
dez/16;TO;47
jan/17;TO;42
fev/17;TO;30
mar/17;TO;30
abr/17;TO;43
mai/17;TO;51
jun/17;TO;46
jul/17;TO;49
ago/17;TO;46
set/17;TO;70
out/17;TO;62
nov/17;TO;68
dez/17;TO;39
jan/18;TO;51
fev/18;TO;48
mar/18;TO;56
abr/18;TO;63
mai/18;TO;82
jun/18;TO;66
jul/18;TO;57
ago/18;TO;73
set/18;TO;98
out/18;TO;83
nov/18;TO;92
dez/18;TO;71
jan/19;TO;51
fev/19;TO;72
mar/19;TO;83
abr/19;TO;62
mai/19;TO;76
jun/19;TO;61
jul/19;TO;77
ago/19;TO;112
set/19;TO;114
out/19;TO;105
nov/19;TO;97
dez/19;TO;81
jan/20;TO;80
fev/20;TO;90
mar/20;TO;81
abr/20;TO;53
mai/20;TO;2
jun/20;TO;0
jul/20;TO;0
ago/20;TO;1
set/20;TO;0
out/20;TO;0
nov/20;TO;0
dez/20;TO;5
jan/07;MA;0
fev/07;MA;0
mar/07;MA;0
abr/07;MA;0
mai/07;MA;1
jun/07;MA;1
jul/07;MA;2
ago/07;MA;2
set/07;MA;2
out/07;MA;2
nov/07;MA;0
dez/07;MA;0
jan/08;MA;0
fev/08;MA;0
mar/08;MA;1
abr/08;MA;0
mai/08;MA;2
jun/08;MA;3
jul/08;MA;0
ago/08;MA;2
set/08;MA;1
out/08;MA;0
nov/08;MA;0
dez/08;MA;0
jan/09;MA;1
fev/09;MA;1
mar/09;MA;1
abr/09;MA;0
mai/09;MA;0
jun/09;MA;2
jul/09;MA;3
ago/09;MA;6
set/09;MA;1
out/09;MA;3
nov/09;MA;5
dez/09;MA;2
jan/10;MA;3
fev/10;MA;2
mar/10;MA;3
abr/10;MA;2
mai/10;MA;2
jun/10;MA;1
jul/10;MA;4
ago/10;MA;3
set/10;MA;3
out/10;MA;5
nov/10;MA;8
dez/10;MA;3
jan/11;MA;9
fev/11;MA;2
mar/11;MA;5
abr/11;MA;1
mai/11;MA;7
jun/11;MA;3
jul/11;MA;4
ago/11;MA;8
set/11;MA;5
out/11;MA;8
nov/11;MA;8
dez/11;MA;4
jan/12;MA;6
fev/12;MA;4
mar/12;MA;7
abr/12;MA;12
mai/12;MA;10
jun/12;MA;8
jul/12;MA;9
ago/12;MA;12
set/12;MA;5
out/12;MA;5
nov/12;MA;7
dez/12;MA;5
jan/13;MA;6
fev/13;MA;10
mar/13;MA;4
abr/13;MA;6
mai/13;MA;5
jun/13;MA;7
jul/13;MA;6
ago/13;MA;12
set/13;MA;10
out/13;MA;15
nov/13;MA;17
dez/13;MA;30
jan/14;MA;23
fev/14;MA;10
mar/14;MA;14
abr/14;MA;10
mai/14;MA;18
jun/14;MA;17
jul/14;MA;26
ago/14;MA;20
set/14;MA;23
out/14;MA;14
nov/14;MA;23
dez/14;MA;11
jan/15;MA;17
fev/15;MA;10
mar/15;MA;13
abr/15;MA;14
mai/15;MA;7
jun/15;MA;17
jul/15;MA;12
ago/15;MA;4
set/15;MA;14
out/15;MA;15
nov/15;MA;11
dez/15;MA;6
jan/16;MA;14
fev/16;MA;18
mar/16;MA;17
abr/16;MA;16
mai/16;MA;15
jun/16;MA;13
jul/16;MA;17
ago/16;MA;19
set/16;MA;23
out/16;MA;18
nov/16;MA;26
dez/16;MA;21
jan/17;MA;25
fev/17;MA;28
mar/17;MA;30
abr/17;MA;18
mai/17;MA;29
jun/17;MA;32
jul/17;MA;27
ago/17;MA;41
set/17;MA;21
out/17;MA;30
nov/17;MA;14
dez/17;MA;28
jan/18;MA;34
fev/18;MA;26
mar/18;MA;33
abr/18;MA;35
mai/18;MA;39
jun/18;MA;30
jul/18;MA;38
ago/18;MA;37
set/18;MA;37
out/18;MA;40
nov/18;MA;35
dez/18;MA;32
jan/19;MA;42
fev/19;MA;35
mar/19;MA;26
abr/19;MA;36
mai/19;MA;49
jun/19;MA;37
jul/19;MA;37
ago/19;MA;58
set/19;MA;64
out/19;MA;71
nov/19;MA;58
dez/19;MA;44
jan/20;MA;56
fev/20;MA;48
mar/20;MA;32
abr/20;MA;6
mai/20;MA;0
jun/20;MA;0
jul/20;MA;0
ago/20;MA;0
set/20;MA;0
out/20;MA;0
nov/20;MA;0
dez/20;MA;4
jan/07;PI;0
fev/07;PI;0
mar/07;PI;1
abr/07;PI;0
mai/07;PI;2
jun/07;PI;3
jul/07;PI;2
ago/07;PI;3
set/07;PI;2
out/07;PI;1
nov/07;PI;4
dez/07;PI;2
jan/08;PI;4
fev/08;PI;3
mar/08;PI;0
abr/08;PI;0
mai/08;PI;4
jun/08;PI;13
jul/08;PI;5
ago/08;PI;8
set/08;PI;8
out/08;PI;6
nov/08;PI;9
dez/08;PI;3
jan/09;PI;3
fev/09;PI;10
mar/09;PI;10
abr/09;PI;6
mai/09;PI;3
jun/09;PI;10
jul/09;PI;9
ago/09;PI;9
set/09;PI;14
out/09;PI;10
nov/09;PI;11
dez/09;PI;19
jan/10;PI;15
fev/10;PI;14
mar/10;PI;9
abr/10;PI;10
mai/10;PI;14
jun/10;PI;11
jul/10;PI;8
ago/10;PI;8
set/10;PI;5
out/10;PI;10
nov/10;PI;12
dez/10;PI;10
jan/11;PI;18
fev/11;PI;8
mar/11;PI;19
abr/11;PI;8
mai/11;PI;10
jun/11;PI;11
jul/11;PI;14
ago/11;PI;21
set/11;PI;23
out/11;PI;21
nov/11;PI;20
dez/11;PI;10
jan/12;PI;21
fev/12;PI;14
mar/12;PI;26
abr/12;PI;16
mai/12;PI;15
jun/12;PI;14
jul/12;PI;24
ago/12;PI;26
set/12;PI;23
out/12;PI;39
nov/12;PI;33
dez/12;PI;30
jan/13;PI;39
fev/13;PI;25
mar/13;PI;27
abr/13;PI;18
mai/13;PI;30
jun/13;PI;42
jul/13;PI;36
ago/13;PI;54
set/13;PI;44
out/13;PI;49
nov/13;PI;47
dez/13;PI;35
jan/14;PI;39
fev/14;PI;33
mar/14;PI;49
abr/14;PI;45
mai/14;PI;42
jun/14;PI;35
jul/14;PI;42
ago/14;PI;41
set/14;PI;67
out/14;PI;42
nov/14;PI;50
dez/14;PI;48
jan/15;PI;35
fev/15;PI;39
mar/15;PI;57
abr/15;PI;38
mai/15;PI;63
jun/15;PI;54
jul/15;PI;53
ago/15;PI;67
set/15;PI;57
out/15;PI;56
nov/15;PI;41
dez/15;PI;56
jan/16;PI;43
fev/16;PI;39
mar/16;PI;60
abr/16;PI;62
mai/16;PI;62
jun/16;PI;81
jul/16;PI;77
ago/16;PI;68
set/16;PI;83
out/16;PI;78
nov/16;PI;68
dez/16;PI;75
jan/17;PI;84
fev/17;PI;50
mar/17;PI;66
abr/17;PI;59
mai/17;PI;64
jun/17;PI;62
jul/17;PI;79
ago/17;PI;95
set/17;PI;89
out/17;PI;113
nov/17;PI;88
dez/17;PI;62
jan/18;PI;87
fev/18;PI;56
mar/18;PI;64
abr/18;PI;85
mai/18;PI;122
jun/18;PI;90
jul/18;PI;72
ago/18;PI;91
set/18;PI;110
out/18;PI;111
nov/18;PI;108
dez/18;PI;98
jan/19;PI;112
fev/19;PI;75
mar/19;PI;90
abr/19;PI;101
mai/19;PI;121
jun/19;PI;118
jul/19;PI;116
ago/19;PI;102
set/19;PI;99
out/19;PI;69
nov/19;PI;59
dez/19;PI;55
jan/20;PI;32
fev/20;PI;44
mar/20;PI;37
abr/20;PI;16
mai/20;PI;3
jun/20;PI;1
jul/20;PI;0
ago/20;PI;0
set/20;PI;0
out/20;PI;1
nov/20;PI;0
dez/20;PI;3
jan/07;CE;9
fev/07;CE;13
mar/07;CE;16
abr/07;CE;16
mai/07;CE;8
jun/07;CE;9
jul/07;CE;12
ago/07;CE;21
set/07;CE;18
out/07;CE;18
nov/07;CE;18
dez/07;CE;21
jan/08;CE;43
fev/08;CE;7
mar/08;CE;15
abr/08;CE;18
mai/08;CE;12
jun/08;CE;20
jul/08;CE;11
ago/08;CE;23
set/08;CE;25
out/08;CE;13
nov/08;CE;16
dez/08;CE;19
jan/09;CE;26
fev/09;CE;23
mar/09;CE;30
abr/09;CE;23
mai/09;CE;24
jun/09;CE;52
jul/09;CE;39
ago/09;CE;31
set/09;CE;25
out/09;CE;23
nov/09;CE;25
dez/09;CE;43
jan/10;CE;35
fev/10;CE;37
mar/10;CE;47
abr/10;CE;40
mai/10;CE;62
jun/10;CE;62
jul/10;CE;49
ago/10;CE;56
set/10;CE;55
out/10;CE;65
nov/10;CE;69
dez/10;CE;64
jan/11;CE;35
fev/11;CE;38
mar/11;CE;70
abr/11;CE;63
mai/11;CE;75
jun/11;CE;62
jul/11;CE;57
ago/11;CE;58
set/11;CE;46
out/11;CE;64
nov/11;CE;59
dez/11;CE;40
jan/12;CE;44
fev/12;CE;45
mar/12;CE;60
abr/12;CE;68
mai/12;CE;60
jun/12;CE;47
jul/12;CE;49
ago/12;CE;57
set/12;CE;51
out/12;CE;54
nov/12;CE;57
dez/12;CE;54
jan/13;CE;58
fev/13;CE;59
mar/13;CE;60
abr/13;CE;60
mai/13;CE;40
jun/13;CE;57
jul/13;CE;48
ago/13;CE;64
set/13;CE;62
out/13;CE;62
nov/13;CE;66
dez/13;CE;59
jan/14;CE;68
fev/14;CE;41
mar/14;CE;55
abr/14;CE;52
mai/14;CE;69
jun/14;CE;62
jul/14;CE;48
ago/14;CE;96
set/14;CE;78
out/14;CE;60
nov/14;CE;48
dez/14;CE;67
jan/15;CE;77
fev/15;CE;59
mar/15;CE;78
abr/15;CE;80
mai/15;CE;82
jun/15;CE;46
jul/15;CE;48
ago/15;CE;44
set/15;CE;75
out/15;CE;69
nov/15;CE;67
dez/15;CE;70
jan/16;CE;74
fev/16;CE;66
mar/16;CE;61
abr/16;CE;65
mai/16;CE;51
jun/16;CE;72
jul/16;CE;48
ago/16;CE;67
set/16;CE;60
out/16;CE;99
nov/16;CE;85
dez/16;CE;59
jan/17;CE;86
fev/17;CE;65
mar/17;CE;57
abr/17;CE;65
mai/17;CE;69
jun/17;CE;88
jul/17;CE;100
ago/17;CE;110
set/17;CE;123
out/17;CE;156
nov/17;CE;131
dez/17;CE;110
jan/18;CE;122
fev/18;CE;102
mar/18;CE;107
abr/18;CE;122
mai/18;CE;132
jun/18;CE;131
jul/18;CE;125
ago/18;CE;174
set/18;CE;195
out/18;CE;200
nov/18;CE;182
dez/18;CE;170
jan/19;CE;151
fev/19;CE;139
mar/19;CE;156
abr/19;CE;152
mai/19;CE;199
jun/19;CE;190
jul/19;CE;194
ago/19;CE;211
set/19;CE;217
out/19;CE;256
nov/19;CE;230
dez/19;CE;213
jan/20;CE;225
fev/20;CE;149
mar/20;CE;125
abr/20;CE;34
mai/20;CE;1
jun/20;CE;0
jul/20;CE;0
ago/20;CE;0
set/20;CE;0
out/20;CE;0
nov/20;CE;2
dez/20;CE;3
jan/07;RN;0
fev/07;RN;5
mar/07;RN;0
abr/07;RN;0
mai/07;RN;0
jun/07;RN;1
jul/07;RN;0
ago/07;RN;0
set/07;RN;1
out/07;RN;0
nov/07;RN;0
dez/07;RN;0
jan/08;RN;0
fev/08;RN;0
mar/08;RN;0
abr/08;RN;0
mai/08;RN;1
jun/08;RN;0
jul/08;RN;0
ago/08;RN;0
set/08;RN;0
out/08;RN;0
nov/08;RN;1
dez/08;RN;4
jan/09;RN;0
fev/09;RN;1
mar/09;RN;0
abr/09;RN;3
mai/09;RN;1
jun/09;RN;1
jul/09;RN;1
ago/09;RN;0
set/09;RN;1
out/09;RN;0
nov/09;RN;1
dez/09;RN;2
jan/10;RN;10
fev/10;RN;12
mar/10;RN;9
abr/10;RN;1
mai/10;RN;9
jun/10;RN;12
jul/10;RN;6
ago/10;RN;2
set/10;RN;14
out/10;RN;12
nov/10;RN;8
dez/10;RN;4
jan/11;RN;6
fev/11;RN;17
mar/11;RN;6
abr/11;RN;16
mai/11;RN;10
jun/11;RN;20
jul/11;RN;12
ago/11;RN;21
set/11;RN;21
out/11;RN;26
nov/11;RN;15
dez/11;RN;17
jan/12;RN;24
fev/12;RN;24
mar/12;RN;33
abr/12;RN;21
mai/12;RN;18
jun/12;RN;14
jul/12;RN;12
ago/12;RN;14
set/12;RN;11
out/12;RN;19
nov/12;RN;10
dez/12;RN;9
jan/13;RN;11
fev/13;RN;12
mar/13;RN;17
abr/13;RN;23
mai/13;RN;11
jun/13;RN;13
jul/13;RN;18
ago/13;RN;26
set/13;RN;24
out/13;RN;30
nov/13;RN;25
dez/13;RN;16
jan/14;RN;20
fev/14;RN;37
mar/14;RN;31
abr/14;RN;31
mai/14;RN;34
jun/14;RN;36
jul/14;RN;38
ago/14;RN;35
set/14;RN;25
out/14;RN;42
nov/14;RN;21
dez/14;RN;25
jan/15;RN;33
fev/15;RN;21
mar/15;RN;20
abr/15;RN;25
mai/15;RN;15
jun/15;RN;18
jul/15;RN;34
ago/15;RN;39
set/15;RN;38
out/15;RN;34
nov/15;RN;32
dez/15;RN;26
jan/16;RN;29
fev/16;RN;23
mar/16;RN;30
abr/16;RN;25
mai/16;RN;36
jun/16;RN;26
jul/16;RN;28
ago/16;RN;41
set/16;RN;26
out/16;RN;36
nov/16;RN;46
dez/16;RN;26
jan/17;RN;46
fev/17;RN;46
mar/17;RN;26
abr/17;RN;47
mai/17;RN;46
jun/17;RN;34
jul/17;RN;44
ago/17;RN;47
set/17;RN;57
out/17;RN;75
nov/17;RN;53
dez/17;RN;56
jan/18;RN;45
fev/18;RN;58
mar/18;RN;65
abr/18;RN;38
mai/18;RN;56
jun/18;RN;66
jul/18;RN;65
ago/18;RN;63
set/18;RN;66
out/18;RN;87
nov/18;RN;78
dez/18;RN;67
jan/19;RN;76
fev/19;RN;81
mar/19;RN;77
abr/19;RN;65
mai/19;RN;91
jun/19;RN;88
jul/19;RN;94
ago/19;RN;115
set/19;RN;115
out/19;RN;112
nov/19;RN;120
dez/19;RN;105
jan/20;RN;138
fev/20;RN;112
mar/20;RN;82
abr/20;RN;44
mai/20;RN;2
jun/20;RN;0
jul/20;RN;0
ago/20;RN;1
set/20;RN;1
out/20;RN;4
nov/20;RN;3
dez/20;RN;6
jan/07;PB;0
fev/07;PB;0
mar/07;PB;0
abr/07;PB;0
mai/07;PB;0
jun/07;PB;0
jul/07;PB;1
ago/07;PB;0
set/07;PB;1
out/07;PB;2
nov/07;PB;2
dez/07;PB;0
jan/08;PB;0
fev/08;PB;1
mar/08;PB;0
abr/08;PB;1
mai/08;PB;2
jun/08;PB;0
jul/08;PB;1
ago/08;PB;0
set/08;PB;0
out/08;PB;2
nov/08;PB;0
dez/08;PB;0
jan/09;PB;0
fev/09;PB;1
mar/09;PB;2
abr/09;PB;1
mai/09;PB;1
jun/09;PB;2
jul/09;PB;2
ago/09;PB;2
set/09;PB;0
out/09;PB;0
nov/09;PB;4
dez/09;PB;0
jan/10;PB;0
fev/10;PB;0
mar/10;PB;1
abr/10;PB;2
mai/10;PB;2
jun/10;PB;3
jul/10;PB;11
ago/10;PB;7
set/10;PB;12
out/10;PB;4
nov/10;PB;10
dez/10;PB;12
jan/11;PB;11
fev/11;PB;11
mar/11;PB;14
abr/11;PB;12
mai/11;PB;5
jun/11;PB;21
jul/11;PB;3
ago/11;PB;10
set/11;PB;3
out/11;PB;7
nov/11;PB;23
dez/11;PB;12
jan/12;PB;24
fev/12;PB;11
mar/12;PB;20
abr/12;PB;34
mai/12;PB;39
jun/12;PB;30
jul/12;PB;42
ago/12;PB;49
set/12;PB;55
out/12;PB;57
nov/12;PB;60
dez/12;PB;46
jan/13;PB;55
fev/13;PB;36
mar/13;PB;33
abr/13;PB;43
mai/13;PB;36
jun/13;PB;35
jul/13;PB;51
ago/13;PB;62
set/13;PB;70
out/13;PB;57
nov/13;PB;64
dez/13;PB;56
jan/14;PB;54
fev/14;PB;67
mar/14;PB;54
abr/14;PB;51
mai/14;PB;51
jun/14;PB;65
jul/14;PB;49
ago/14;PB;39
set/14;PB;40
out/14;PB;57
nov/14;PB;44
dez/14;PB;43
jan/15;PB;69
fev/15;PB;56
mar/15;PB;76
abr/15;PB;76
mai/15;PB;64
jun/15;PB;58
jul/15;PB;57
ago/15;PB;53
set/15;PB;78
out/15;PB;68
nov/15;PB;70
dez/15;PB;39
jan/16;PB;42
fev/16;PB;28
mar/16;PB;42
abr/16;PB;32
mai/16;PB;45
jun/16;PB;31
jul/16;PB;28
ago/16;PB;41
set/16;PB;40
out/16;PB;44
nov/16;PB;47
dez/16;PB;47
jan/17;PB;68
fev/17;PB;68
mar/17;PB;76
abr/17;PB;67
mai/17;PB;86
jun/17;PB;86
jul/17;PB;70
ago/17;PB;96
set/17;PB;72
out/17;PB;99
nov/17;PB;83
dez/17;PB;80
jan/18;PB;100
fev/18;PB;90
mar/18;PB;100
abr/18;PB;95
mai/18;PB;128
jun/18;PB;80
jul/18;PB;75
ago/18;PB;113
set/18;PB;96
out/18;PB;102
nov/18;PB;83
dez/18;PB;92
jan/19;PB;119
fev/19;PB;91
mar/19;PB;109
abr/19;PB;140
mai/19;PB;194
jun/19;PB;137
jul/19;PB;134
ago/19;PB;169
set/19;PB;185
out/19;PB;157
nov/19;PB;148
dez/19;PB;110
jan/20;PB;121
fev/20;PB;77
mar/20;PB;67
abr/20;PB;20
mai/20;PB;2
jun/20;PB;0
jul/20;PB;0
ago/20;PB;0
set/20;PB;0
out/20;PB;0
nov/20;PB;10
dez/20;PB;17
jan/07;PE;39
fev/07;PE;32
mar/07;PE;39
abr/07;PE;57
mai/07;PE;96
jun/07;PE;82
jul/07;PE;88
ago/07;PE;83
set/07;PE;77
out/07;PE;106
nov/07;PE;94
dez/07;PE;89
jan/08;PE;131
fev/08;PE;101
mar/08;PE;92
abr/08;PE;65
mai/08;PE;68
jun/08;PE;91
jul/08;PE;87
ago/08;PE;121
set/08;PE;108
out/08;PE;133
nov/08;PE;88
dez/08;PE;56
jan/09;PE;122
fev/09;PE;91
mar/09;PE;99
abr/09;PE;86
mai/09;PE;72
jun/09;PE;104
jul/09;PE;113
ago/09;PE;96
set/09;PE;137
out/09;PE;140
nov/09;PE;109
dez/09;PE;131
jan/10;PE;135
fev/10;PE;127
mar/10;PE;98
abr/10;PE;91
mai/10;PE;89
jun/10;PE;83
jul/10;PE;110
ago/10;PE;99
set/10;PE;125
out/10;PE;95
nov/10;PE;105
dez/10;PE;97
jan/11;PE;124
fev/11;PE;120
mar/11;PE;129
abr/11;PE;93
mai/11;PE;97
jun/11;PE;125
jul/11;PE;121
ago/11;PE;156
set/11;PE;151
out/11;PE;147
nov/11;PE;163
dez/11;PE;120
jan/12;PE;126
fev/12;PE;146
mar/12;PE;108
abr/12;PE;150
mai/12;PE;143
jun/12;PE;153
jul/12;PE;140
ago/12;PE;185
set/12;PE;152
out/12;PE;153
nov/12;PE;166
dez/12;PE;150
jan/13;PE;158
fev/13;PE;161
mar/13;PE;169
abr/13;PE;181
mai/13;PE;158
jun/13;PE;164
jul/13;PE;135
ago/13;PE;213
set/13;PE;245
out/13;PE;227
nov/13;PE;178
dez/13;PE;190
jan/14;PE;233
fev/14;PE;213
mar/14;PE;259
abr/14;PE;215
mai/14;PE;219
jun/14;PE;168
jul/14;PE;212
ago/14;PE;229
set/14;PE;258
out/14;PE;255
nov/14;PE;227
dez/14;PE;220
jan/15;PE;262
fev/15;PE;212
mar/15;PE;201
abr/15;PE;159
mai/15;PE;231
jun/15;PE;183
jul/15;PE;210
ago/15;PE;229
set/15;PE;272
out/15;PE;346
nov/15;PE;294
dez/15;PE;226
jan/16;PE;232
fev/16;PE;203
mar/16;PE;242
abr/16;PE;255
mai/16;PE;240
jun/16;PE;241
jul/16;PE;256
ago/16;PE;294
set/16;PE;287
out/16;PE;319
nov/16;PE;316
dez/16;PE;327
jan/17;PE;415
fev/17;PE;385
mar/17;PE;382
abr/17;PE;364
mai/17;PE;310
jun/17;PE;334
jul/17;PE;364
ago/17;PE;420
set/17;PE;366
out/17;PE;468
nov/17;PE;392
dez/17;PE;379
jan/18;PE;405
fev/18;PE;356
mar/18;PE;388
abr/18;PE;408
mai/18;PE;394
jun/18;PE;355
jul/18;PE;374
ago/18;PE;400
set/18;PE;423
out/18;PE;450
nov/18;PE;425
dez/18;PE;439
jan/19;PE;470
fev/19;PE;462
mar/19;PE;450
abr/19;PE;516
mai/19;PE;578
jun/19;PE;482
jul/19;PE;497
ago/19;PE;551
set/19;PE;612
out/19;PE;594
nov/19;PE;624
dez/19;PE;499
jan/20;PE;494
fev/20;PE;502
mar/20;PE;299
abr/20;PE;127
mai/20;PE;2
jun/20;PE;0
jul/20;PE;0
ago/20;PE;0
set/20;PE;0
out/20;PE;2
nov/20;PE;6
dez/20;PE;20
jan/07;AL;0
fev/07;AL;1
mar/07;AL;2
abr/07;AL;0
mai/07;AL;0
jun/07;AL;0
jul/07;AL;0
ago/07;AL;5
set/07;AL;17
out/07;AL;19
nov/07;AL;15
dez/07;AL;21
jan/08;AL;40
fev/08;AL;55
mar/08;AL;89
abr/08;AL;59
mai/08;AL;60
jun/08;AL;49
jul/08;AL;72
ago/08;AL;36
set/08;AL;26
out/08;AL;12
nov/08;AL;52
dez/08;AL;29
jan/09;AL;32
fev/09;AL;44
mar/09;AL;33
abr/09;AL;43
mai/09;AL;31
jun/09;AL;30
jul/09;AL;49
ago/09;AL;30
set/09;AL;31
out/09;AL;51
nov/09;AL;55
dez/09;AL;48
jan/10;AL;35
fev/10;AL;29
mar/10;AL;39
abr/10;AL;45
mai/10;AL;53
jun/10;AL;44
jul/10;AL;33
ago/10;AL;52
set/10;AL;63
out/10;AL;85
nov/10;AL;83
dez/10;AL;77
jan/11;AL;82
fev/11;AL;65
mar/11;AL;60
abr/11;AL;65
mai/11;AL;58
jun/11;AL;85
jul/11;AL;60
ago/11;AL;65
set/11;AL;65
out/11;AL;51
nov/11;AL;71
dez/11;AL;44
jan/12;AL;55
fev/12;AL;55
mar/12;AL;70
abr/12;AL;59
mai/12;AL;58
jun/12;AL;55
jul/12;AL;70
ago/12;AL;68
set/12;AL;94
out/12;AL;79
nov/12;AL;103
dez/12;AL;61
jan/13;AL;87
fev/13;AL;92
mar/13;AL;86
abr/13;AL;83
mai/13;AL;99
jun/13;AL;90
jul/13;AL;118
ago/13;AL;120
set/13;AL;139
out/13;AL;127
nov/13;AL;117
dez/13;AL;130
jan/14;AL;119
fev/14;AL;105
mar/14;AL;116
abr/14;AL;110
mai/14;AL;112
jun/14;AL;86
jul/14;AL;99
ago/14;AL;104
set/14;AL;136
out/14;AL;131
nov/14;AL;116
dez/14;AL;112
jan/15;AL;92
fev/15;AL;80
mar/15;AL;118
abr/15;AL;108
mai/15;AL;98
jun/15;AL;71
jul/15;AL;67
ago/15;AL;67
set/15;AL;94
out/15;AL;72
nov/15;AL;92
dez/15;AL;88
jan/16;AL;89
fev/16;AL;92
mar/16;AL;77
abr/16;AL;56
mai/16;AL;111
jun/16;AL;101
jul/16;AL;79
ago/16;AL;73
set/16;AL;93
out/16;AL;101
nov/16;AL;71
dez/16;AL;66
jan/17;AL;124
fev/17;AL;114
mar/17;AL;140
abr/17;AL;114
mai/17;AL;118
jun/17;AL;117
jul/17;AL;82
ago/17;AL;104
set/17;AL;118
out/17;AL;117
nov/17;AL;137
dez/17;AL;117
jan/18;AL;172
fev/18;AL;135
mar/18;AL;162
abr/18;AL;115
mai/18;AL;141
jun/18;AL;118
jul/18;AL;118
ago/18;AL;168
set/18;AL;166
out/18;AL;174
nov/18;AL;161
dez/18;AL;171
jan/19;AL;160
fev/19;AL;164
mar/19;AL;145
abr/19;AL;153
mai/19;AL;183
jun/19;AL;137
jul/19;AL;152
ago/19;AL;166
set/19;AL;159
out/19;AL;178
nov/19;AL;207
dez/19;AL;165
jan/20;AL;187
fev/20;AL;133
mar/20;AL;118
abr/20;AL;59
mai/20;AL;0
jun/20;AL;0
jul/20;AL;1
ago/20;AL;0
set/20;AL;1
out/20;AL;1
nov/20;AL;0
dez/20;AL;19
jan/07;SE;0
fev/07;SE;0
mar/07;SE;0
abr/07;SE;0
mai/07;SE;0
jun/07;SE;0
jul/07;SE;0
ago/07;SE;0
set/07;SE;0
out/07;SE;0
nov/07;SE;0
dez/07;SE;0
jan/08;SE;0
fev/08;SE;0
mar/08;SE;0
abr/08;SE;0
mai/08;SE;0
jun/08;SE;0
jul/08;SE;0
ago/08;SE;0
set/08;SE;0
out/08;SE;0
nov/08;SE;0
dez/08;SE;0
jan/09;SE;0
fev/09;SE;0
mar/09;SE;0
abr/09;SE;1
mai/09;SE;0
jun/09;SE;0
jul/09;SE;0
ago/09;SE;0
set/09;SE;1
out/09;SE;0
nov/09;SE;0
dez/09;SE;0
jan/10;SE;0
fev/10;SE;0
mar/10;SE;0
abr/10;SE;0
mai/10;SE;0
jun/10;SE;0
jul/10;SE;0
ago/10;SE;0
set/10;SE;0
out/10;SE;0
nov/10;SE;2
dez/10;SE;9
jan/11;SE;6
fev/11;SE;8
mar/11;SE;7
abr/11;SE;17
mai/11;SE;13
jun/11;SE;9
jul/11;SE;12
ago/11;SE;9
set/11;SE;10
out/11;SE;13
nov/11;SE;15
dez/11;SE;12
jan/12;SE;16
fev/12;SE;12
mar/12;SE;17
abr/12;SE;17
mai/12;SE;7
jun/12;SE;12
jul/12;SE;23
ago/12;SE;14
set/12;SE;12
out/12;SE;10
nov/12;SE;19
dez/12;SE;12
jan/13;SE;17
fev/13;SE;21
mar/13;SE;28
abr/13;SE;40
mai/13;SE;13
jun/13;SE;17
jul/13;SE;17
ago/13;SE;24
set/13;SE;19
out/13;SE;24
nov/13;SE;30
dez/13;SE;13
jan/14;SE;16
fev/14;SE;21
mar/14;SE;20
abr/14;SE;23
mai/14;SE;15
jun/14;SE;20
jul/14;SE;16
ago/14;SE;22
set/14;SE;17
out/14;SE;31
nov/14;SE;16
dez/14;SE;20
jan/15;SE;19
fev/15;SE;12
mar/15;SE;17
abr/15;SE;18
mai/15;SE;10
jun/15;SE;7
jul/15;SE;13
ago/15;SE;7
set/15;SE;14
out/15;SE;9
nov/15;SE;15
dez/15;SE;11
jan/16;SE;7
fev/16;SE;15
mar/16;SE;10
abr/16;SE;12
mai/16;SE;11
jun/16;SE;10
jul/16;SE;12
ago/16;SE;27
set/16;SE;21
out/16;SE;23
nov/16;SE;16
dez/16;SE;15
jan/17;SE;12
fev/17;SE;20
mar/17;SE;26
abr/17;SE;13
mai/17;SE;14
jun/17;SE;14
jul/17;SE;17
ago/17;SE;23
set/17;SE;27
out/17;SE;36
nov/17;SE;31
dez/17;SE;23
jan/18;SE;34
fev/18;SE;23
mar/18;SE;33
abr/18;SE;31
mai/18;SE;9
jun/18;SE;36
jul/18;SE;32
ago/18;SE;35
set/18;SE;30
out/18;SE;29
nov/18;SE;38
dez/18;SE;36
jan/19;SE;34
fev/19;SE;24
mar/19;SE;20
abr/19;SE;29
mai/19;SE;25
jun/19;SE;18
jul/19;SE;27
ago/19;SE;32
set/19;SE;41
out/19;SE;31
nov/19;SE;31
dez/19;SE;25
jan/20;SE;41
fev/20;SE;39
mar/20;SE;39
abr/20;SE;16
mai/20;SE;0
jun/20;SE;0
jul/20;SE;0
ago/20;SE;0
set/20;SE;0
out/20;SE;0
nov/20;SE;0
dez/20;SE;11
jan/07;BA;0
fev/07;BA;5
mar/07;BA;7
abr/07;BA;7
mai/07;BA;17
jun/07;BA;7
jul/07;BA;10
ago/07;BA;6
set/07;BA;10
out/07;BA;11
nov/07;BA;7
dez/07;BA;8
jan/08;BA;10
fev/08;BA;12
mar/08;BA;21
abr/08;BA;18
mai/08;BA;12
jun/08;BA;9
jul/08;BA;18
ago/08;BA;11
set/08;BA;17
out/08;BA;10
nov/08;BA;16
dez/08;BA;19
jan/09;BA;18
fev/09;BA;15
mar/09;BA;23
abr/09;BA;23
mai/09;BA;28
jun/09;BA;35
jul/09;BA;30
ago/09;BA;21
set/09;BA;20
out/09;BA;22
nov/09;BA;21
dez/09;BA;26
jan/10;BA;22
fev/10;BA;22
mar/10;BA;32
abr/10;BA;18
mai/10;BA;31
jun/10;BA;19
jul/10;BA;23
ago/10;BA;30
set/10;BA;37
out/10;BA;48
nov/10;BA;46
dez/10;BA;41
jan/11;BA;53
fev/11;BA;52
mar/11;BA;41
abr/11;BA;36
mai/11;BA;47
jun/11;BA;51
jul/11;BA;44
ago/11;BA;56
set/11;BA;77
out/11;BA;80
nov/11;BA;78
dez/11;BA;73
jan/12;BA;74
fev/12;BA;71
mar/12;BA;70
abr/12;BA;82
mai/12;BA;78
jun/12;BA;75
jul/12;BA;109
ago/12;BA;91
set/12;BA;85
out/12;BA;94
nov/12;BA;94
dez/12;BA;52
jan/13;BA;82
fev/13;BA;86
mar/13;BA;83
abr/13;BA;81
mai/13;BA;65
jun/13;BA;101
jul/13;BA;85
ago/13;BA;94
set/13;BA;109
out/13;BA;107
nov/13;BA;90
dez/13;BA;81
jan/14;BA;90
fev/14;BA;101
mar/14;BA;112
abr/14;BA;69
mai/14;BA;94
jun/14;BA;64
jul/14;BA;96
ago/14;BA;96
set/14;BA;91
out/14;BA;87
nov/14;BA;47
dez/14;BA;79
jan/15;BA;81
fev/15;BA;79
mar/15;BA;109
abr/15;BA;103
mai/15;BA;69
jun/15;BA;80
jul/15;BA;87
ago/15;BA;93
set/15;BA;115
out/15;BA;124
nov/15;BA;94
dez/15;BA;79
jan/16;BA;85
fev/16;BA;81
mar/16;BA;79
abr/16;BA;78
mai/16;BA;63
jun/16;BA;88
jul/16;BA;94
ago/16;BA;90
set/16;BA;82
out/16;BA;89
nov/16;BA;87
dez/16;BA;83
jan/17;BA;97
fev/17;BA;101
mar/17;BA;128
abr/17;BA;133
mai/17;BA;124
jun/17;BA;131
jul/17;BA;136
ago/17;BA;193
set/17;BA;152
out/17;BA;173
nov/17;BA;161
dez/17;BA;147
jan/18;BA;155
fev/18;BA;135
mar/18;BA;157
abr/18;BA;151
mai/18;BA;141
jun/18;BA;131
jul/18;BA;145
ago/18;BA;177
set/18;BA;179
out/18;BA;194
nov/18;BA;178
dez/18;BA;191
jan/19;BA;171
fev/19;BA;117
mar/19;BA;141
abr/19;BA;158
mai/19;BA;191
jun/19;BA;126
jul/19;BA;159
ago/19;BA;168
set/19;BA;223
out/19;BA;223
nov/19;BA;203
dez/19;BA;263
jan/20;BA;261
fev/20;BA;137
mar/20;BA;97
abr/20;BA;58
mai/20;BA;0
jun/20;BA;0
jul/20;BA;0
ago/20;BA;0
set/20;BA;0
out/20;BA;0
nov/20;BA;0
dez/20;BA;19
jan/07;MG;56
fev/07;MG;41
mar/07;MG;47
abr/07;MG;54
mai/07;MG;84
jun/07;MG;91
jul/07;MG;126
ago/07;MG;136
set/07;MG;158
out/07;MG;161
nov/07;MG;145
dez/07;MG;105
jan/08;MG;137
fev/08;MG;116
mar/08;MG;149
abr/08;MG;123
mai/08;MG;154
jun/08;MG;168
jul/08;MG;174
ago/08;MG;185
set/08;MG;181
out/08;MG;183
nov/08;MG;191
dez/08;MG;154
jan/09;MG;201
fev/09;MG;251
mar/09;MG;268
abr/09;MG;246
mai/09;MG;263
jun/09;MG;209
jul/09;MG;261
ago/09;MG;221
set/09;MG;275
out/09;MG;278
nov/09;MG;316
dez/09;MG;309
jan/10;MG;302
fev/10;MG;259
mar/10;MG;298
abr/10;MG;299
mai/10;MG;266
jun/10;MG;259
jul/10;MG;309
ago/10;MG;360
set/10;MG;369
out/10;MG;336
nov/10;MG;396
dez/10;MG;404
jan/11;MG;402
fev/11;MG;387
mar/11;MG;420
abr/11;MG;446
mai/11;MG;442
jun/11;MG;413
jul/11;MG;444
ago/11;MG;537
set/11;MG;509
out/11;MG;539
nov/11;MG;581
dez/11;MG;477
jan/12;MG;600
fev/12;MG;598
mar/12;MG;610
abr/12;MG;544
mai/12;MG;572
jun/12;MG;534
jul/12;MG;538
ago/12;MG;615
set/12;MG;611
out/12;MG;664
nov/12;MG;600
dez/12;MG;536
jan/13;MG;637
fev/13;MG;582
mar/13;MG;670
abr/13;MG;525
mai/13;MG;617
jun/13;MG;542
jul/13;MG;581
ago/13;MG;656
set/13;MG;696
out/13;MG;705
nov/13;MG;740
dez/13;MG;725
jan/14;MG;753
fev/14;MG;717
mar/14;MG;725
abr/14;MG;678
mai/14;MG;606
jun/14;MG;711
jul/14;MG;667
ago/14;MG;665
set/14;MG;745
out/14;MG;750
nov/14;MG;719
dez/14;MG;634
jan/15;MG;742
fev/15;MG;646
mar/15;MG;734
abr/15;MG;647
mai/15;MG;600
jun/15;MG;547
jul/15;MG;676
ago/15;MG;723
set/15;MG;789
out/15;MG;832
nov/15;MG;768
dez/15;MG;679
jan/16;MG;654
fev/16;MG;614
mar/16;MG;685
abr/16;MG;585
mai/16;MG;573
jun/16;MG;532
jul/16;MG;643
ago/16;MG;732
set/16;MG;744
out/16;MG;702
nov/16;MG;677
dez/16;MG;671
jan/17;MG;711
fev/17;MG;662
mar/17;MG;756
abr/17;MG;788
mai/17;MG;767
jun/17;MG;704
jul/17;MG;735
ago/17;MG;894
set/17;MG;911
out/17;MG;1112
nov/17;MG;1029
dez/17;MG;915
jan/18;MG;961
fev/18;MG;814
mar/18;MG;912
abr/18;MG;922
mai/18;MG;810
jun/18;MG;822
jul/18;MG;912
ago/18;MG;934
set/18;MG;1083
out/18;MG;1226
nov/18;MG;1119
dez/18;MG;1059
jan/19;MG;1158
fev/19;MG;995
mar/19;MG;1058
abr/19;MG;1069
mai/19;MG;1110
jun/19;MG;979
jul/19;MG;1101
ago/19;MG;1275
set/19;MG;1296
out/19;MG;1413
nov/19;MG;1410
dez/19;MG;1172
jan/20;MG;1256
fev/20;MG;1155
mar/20;MG;882
abr/20;MG;517
mai/20;MG;27
jun/20;MG;0
jul/20;MG;0
ago/20;MG;1
set/20;MG;3
out/20;MG;3
nov/20;MG;13
dez/20;MG;58
jan/07;ES;1
fev/07;ES;2
mar/07;ES;11
abr/07;ES;13
mai/07;ES;4
jun/07;ES;10
jul/07;ES;8
ago/07;ES;13
set/07;ES;6
out/07;ES;10
nov/07;ES;26
dez/07;ES;20
jan/08;ES;35
fev/08;ES;18
mar/08;ES;17
abr/08;ES;16
mai/08;ES;16
jun/08;ES;19
jul/08;ES;21
ago/08;ES;26
set/08;ES;22
out/08;ES;26
nov/08;ES;24
dez/08;ES;15
jan/09;ES;21
fev/09;ES;11
mar/09;ES;15
abr/09;ES;10
mai/09;ES;13
jun/09;ES;19
jul/09;ES;8
ago/09;ES;24
set/09;ES;28
out/09;ES;45
nov/09;ES;36
dez/09;ES;35
jan/10;ES;33
fev/10;ES;40
mar/10;ES;31
abr/10;ES;30
mai/10;ES;41
jun/10;ES;30
jul/10;ES;34
ago/10;ES;38
set/10;ES;48
out/10;ES;85
nov/10;ES;57
dez/10;ES;53
jan/11;ES;73
fev/11;ES;58
mar/11;ES;50
abr/11;ES;58
mai/11;ES;67
jun/11;ES;76
jul/11;ES;53
ago/11;ES;63
set/11;ES;68
out/11;ES;76
nov/11;ES;65
dez/11;ES;72
jan/12;ES;117
fev/12;ES;90
mar/12;ES;109
abr/12;ES;92
mai/12;ES;73
jun/12;ES;112
jul/12;ES;141
ago/12;ES;138
set/12;ES;90
out/12;ES;133
nov/12;ES;93
dez/12;ES;82
jan/13;ES;120
fev/13;ES;117
mar/13;ES;106
abr/13;ES;133
mai/13;ES;134
jun/13;ES;117
jul/13;ES;146
ago/13;ES;187
set/13;ES;172
out/13;ES;181
nov/13;ES;155
dez/13;ES;143
jan/14;ES;172
fev/14;ES;164
mar/14;ES;173
abr/14;ES;185
mai/14;ES;154
jun/14;ES;150
jul/14;ES;124
ago/14;ES;174
set/14;ES;201
out/14;ES;159
nov/14;ES;186
dez/14;ES;171
jan/15;ES;154
fev/15;ES;141
mar/15;ES;169
abr/15;ES;179
mai/15;ES;128
jun/15;ES;105
jul/15;ES;154
ago/15;ES;148
set/15;ES;169
out/15;ES;152
nov/15;ES;172
dez/15;ES;117
jan/16;ES;114
fev/16;ES;186
mar/16;ES;169
abr/16;ES;147
mai/16;ES;210
jun/16;ES;204
jul/16;ES;239
ago/16;ES;217
set/16;ES;217
out/16;ES;254
nov/16;ES;241
dez/16;ES;208
jan/17;ES;253
fev/17;ES;197
mar/17;ES;249
abr/17;ES;217
mai/17;ES;246
jun/17;ES;235
jul/17;ES;228
ago/17;ES;294
set/17;ES;314
out/17;ES;299
nov/17;ES;259
dez/17;ES;260
jan/18;ES;308
fev/18;ES;275
mar/18;ES;333
abr/18;ES;309
mai/18;ES;274
jun/18;ES;236
jul/18;ES;252
ago/18;ES;324
set/18;ES;298
out/18;ES;366
nov/18;ES;338
dez/18;ES;295
jan/19;ES;273
fev/19;ES;244
mar/19;ES;314
abr/19;ES;351
mai/19;ES;341
jun/19;ES;316
jul/19;ES;365
ago/19;ES;360
set/19;ES;382
out/19;ES;476
nov/19;ES;318
dez/19;ES;258
jan/20;ES;58
fev/20;ES;24
mar/20;ES;9
abr/20;ES;0
mai/20;ES;0
jun/20;ES;0
jul/20;ES;0
ago/20;ES;0
set/20;ES;1
out/20;ES;0
nov/20;ES;0
dez/20;ES;0
jan/07;RJ;2
fev/07;RJ;1
mar/07;RJ;11
abr/07;RJ;4
mai/07;RJ;11
jun/07;RJ;16
jul/07;RJ;11
ago/07;RJ;17
set/07;RJ;16
out/07;RJ;19
nov/07;RJ;13
dez/07;RJ;9
jan/08;RJ;18
fev/08;RJ;15
mar/08;RJ;41
abr/08;RJ;30
mai/08;RJ;25
jun/08;RJ;20
jul/08;RJ;24
ago/08;RJ;33
set/08;RJ;25
out/08;RJ;18
nov/08;RJ;26
dez/08;RJ;21
jan/09;RJ;35
fev/09;RJ;33
mar/09;RJ;35
abr/09;RJ;29
mai/09;RJ;23
jun/09;RJ;19
jul/09;RJ;28
ago/09;RJ;19
set/09;RJ;31
out/09;RJ;52
nov/09;RJ;40
dez/09;RJ;37
jan/10;RJ;41
fev/10;RJ;41
mar/10;RJ;47
abr/10;RJ;33
mai/10;RJ;49
jun/10;RJ;38
jul/10;RJ;34
ago/10;RJ;53
set/10;RJ;37
out/10;RJ;31
nov/10;RJ;42
dez/10;RJ;38
jan/11;RJ;51
fev/11;RJ;32
mar/11;RJ;36
abr/11;RJ;31
mai/11;RJ;35
jun/11;RJ;31
jul/11;RJ;34
ago/11;RJ;36
set/11;RJ;39
out/11;RJ;42
nov/11;RJ;38
dez/11;RJ;28
jan/12;RJ;27
fev/12;RJ;32
mar/12;RJ;15
abr/12;RJ;18
mai/12;RJ;17
jun/12;RJ;14
jul/12;RJ;15
ago/12;RJ;13
set/12;RJ;25
out/12;RJ;27
nov/12;RJ;25
dez/12;RJ;14
jan/13;RJ;19
fev/13;RJ;17
mar/13;RJ;29
abr/13;RJ;30
mai/13;RJ;38
jun/13;RJ;28
jul/13;RJ;41
ago/13;RJ;33
set/13;RJ;38
out/13;RJ;45
nov/13;RJ;35
dez/13;RJ;36
jan/14;RJ;58
fev/14;RJ;66
mar/14;RJ;57
abr/14;RJ;50
mai/14;RJ;44
jun/14;RJ;56
jul/14;RJ;43
ago/14;RJ;61
set/14;RJ;67
out/14;RJ;74
nov/14;RJ;54
dez/14;RJ;60
jan/15;RJ;72
fev/15;RJ;58
mar/15;RJ;65
abr/15;RJ;63
mai/15;RJ;51
jun/15;RJ;66
jul/15;RJ;55
ago/15;RJ;48
set/15;RJ;86
out/15;RJ;89
nov/15;RJ;114
dez/15;RJ;86
jan/16;RJ;97
fev/16;RJ;76
mar/16;RJ;99
abr/16;RJ;78
mai/16;RJ;72
jun/16;RJ;89
jul/16;RJ;95
ago/16;RJ;144
set/16;RJ;126
out/16;RJ;133
nov/16;RJ;144
dez/16;RJ;140
jan/17;RJ;127
fev/17;RJ;145
mar/17;RJ;147
abr/17;RJ;132
mai/17;RJ;159
jun/17;RJ;158
jul/17;RJ;161
ago/17;RJ;190
set/17;RJ;209
out/17;RJ;273
nov/17;RJ;177
dez/17;RJ;185
jan/18;RJ;233
fev/18;RJ;199
mar/18;RJ;215
abr/18;RJ;188
mai/18;RJ;192
jun/18;RJ;178
jul/18;RJ;229
ago/18;RJ;263
set/18;RJ;321
out/18;RJ;301
nov/18;RJ;271
dez/18;RJ;283
jan/19;RJ;315
fev/19;RJ;254
mar/19;RJ;260
abr/19;RJ;239
mai/19;RJ;255
jun/19;RJ;243
jul/19;RJ;226
ago/19;RJ;338
set/19;RJ;468
out/19;RJ;438
nov/19;RJ;366
dez/19;RJ;295
jan/20;RJ;316
fev/20;RJ;295
mar/20;RJ;215
abr/20;RJ;43
mai/20;RJ;0
jun/20;RJ;0
jul/20;RJ;6
ago/20;RJ;10
set/20;RJ;1
out/20;RJ;3
nov/20;RJ;17
dez/20;RJ;43
jan/07;SP;43
fev/07;SP;84
mar/07;SP;136
abr/07;SP;142
mai/07;SP;107
jun/07;SP;111
jul/07;SP;117
ago/07;SP;169
set/07;SP;182
out/07;SP;174
nov/07;SP;161
dez/07;SP;157
jan/08;SP;179
fev/08;SP;241
mar/08;SP;214
abr/08;SP;196
mai/08;SP;172
jun/08;SP;185
jul/08;SP;168
ago/08;SP;215
set/08;SP;213
out/08;SP;265
nov/08;SP;241
dez/08;SP;228
jan/09;SP;282
fev/09;SP;297
mar/09;SP;348
abr/09;SP;282
mai/09;SP;294
jun/09;SP;308
jul/09;SP;267
ago/09;SP;257
set/09;SP;268
out/09;SP;324
nov/09;SP;291
dez/09;SP;296
jan/10;SP;318
fev/10;SP;277
mar/10;SP;272
abr/10;SP;278
mai/10;SP;261
jun/10;SP;322
jul/10;SP;311
ago/10;SP;322
set/10;SP;338
out/10;SP;352
nov/10;SP;425
dez/10;SP;386
jan/11;SP;453
fev/11;SP;433
mar/11;SP;368
abr/11;SP;388
mai/11;SP;463
jun/11;SP;498
jul/11;SP;531
ago/11;SP;604
set/11;SP;600
out/11;SP;623
nov/11;SP;659
dez/11;SP;538
jan/12;SP;672
fev/12;SP;714
mar/12;SP;763
abr/12;SP;701
mai/12;SP;618
jun/12;SP;572
jul/12;SP;618
ago/12;SP;715
set/12;SP;698
out/12;SP;793
nov/12;SP;658
dez/12;SP;619
jan/13;SP;805
fev/13;SP;722
mar/13;SP;798
abr/13;SP;636
mai/13;SP;655
jun/13;SP;697
jul/13;SP;633
ago/13;SP;815
set/13;SP;895
out/13;SP;907
nov/13;SP;855
dez/13;SP;813
jan/14;SP;901
fev/14;SP;918
mar/14;SP;965
abr/14;SP;834
mai/14;SP;732
jun/14;SP;789
jul/14;SP;740
ago/14;SP;869
set/14;SP;868
out/14;SP;937
nov/14;SP;963
dez/14;SP;789
jan/15;SP;891
fev/15;SP;788
mar/15;SP;800
abr/15;SP;646
mai/15;SP;701
jun/15;SP;738
jul/15;SP;784
ago/15;SP;919
set/15;SP;1024
out/15;SP;1012
nov/15;SP;985
dez/15;SP;856
jan/16;SP;918
fev/16;SP;949
mar/16;SP;930
abr/16;SP;868
mai/16;SP;836
jun/16;SP;770
jul/16;SP;885
ago/16;SP;977
set/16;SP;615
out/16;SP;1047
nov/16;SP;1289
dez/16;SP;1044
jan/17;SP;1436
fev/17;SP;1339
mar/17;SP;1210
abr/17;SP;1262
mai/17;SP;1162
jun/17;SP;1057
jul/17;SP;1205
ago/17;SP;1423
set/17;SP;1508
out/17;SP;1805
nov/17;SP;1524
dez/17;SP;1334
jan/18;SP;1471
fev/18;SP;1412
mar/18;SP;1751
abr/18;SP;1589
mai/18;SP;1450
jun/18;SP;1441
jul/18;SP;1520
ago/18;SP;1675
set/18;SP;1864
out/18;SP;2105
nov/18;SP;1995
dez/18;SP;1845
jan/19;SP;2087
fev/19;SP;1851
mar/19;SP;2060
abr/19;SP;2057
mai/19;SP;2133
jun/19;SP;1942
jul/19;SP;1890
ago/19;SP;2142
set/19;SP;2400
out/19;SP;2336
nov/19;SP;1066
dez/19;SP;1416
jan/20;SP;2262
fev/20;SP;2072
mar/20;SP;1654
abr/20;SP;938
mai/20;SP;25
jun/20;SP;1
jul/20;SP;2
ago/20;SP;4
set/20;SP;2
out/20;SP;3
nov/20;SP;18
dez/20;SP;107
jan/07;PR;221
fev/07;PR;229
mar/07;PR;308
abr/07;PR;254
mai/07;PR;283
jun/07;PR;246
jul/07;PR;284
ago/07;PR;332
set/07;PR;338
out/07;PR;357
nov/07;PR;328
dez/07;PR;312
jan/08;PR;304
fev/08;PR;295
mar/08;PR;348
abr/08;PR;251
mai/08;PR;229
jun/08;PR;232
jul/08;PR;216
ago/08;PR;258
set/08;PR;260
out/08;PR;298
nov/08;PR;273
dez/08;PR;290
jan/09;PR;262
fev/09;PR;308
mar/09;PR;324
abr/09;PR;274
mai/09;PR;293
jun/09;PR;229
jul/09;PR;243
ago/09;PR;226
set/09;PR;252
out/09;PR;247
nov/09;PR;249
dez/09;PR;242
jan/10;PR;289
fev/10;PR;233
mar/10;PR;245
abr/10;PR;224
mai/10;PR;240
jun/10;PR;260
jul/10;PR;300
ago/10;PR;312
set/10;PR;236
out/10;PR;297
nov/10;PR;281
dez/10;PR;264
jan/11;PR;319
fev/11;PR;324
mar/11;PR;304
abr/11;PR;318
mai/11;PR;296
jun/11;PR;266
jul/11;PR;294
ago/11;PR;305
set/11;PR;362
out/11;PR;402
nov/11;PR;420
dez/11;PR;368
jan/12;PR;339
fev/12;PR;395
mar/12;PR;364
abr/12;PR;380
mai/12;PR;333
jun/12;PR;290
jul/12;PR;358
ago/12;PR;415
set/12;PR;402
out/12;PR;403
nov/12;PR;412
dez/12;PR;373
jan/13;PR;350
fev/13;PR;407
mar/13;PR;417
abr/13;PR;350
mai/13;PR;358
jun/13;PR;300
jul/13;PR;301
ago/13;PR;333
set/13;PR;429
out/13;PR;465
nov/13;PR;464
dez/13;PR;414
jan/14;PR;425
fev/14;PR;367
mar/14;PR;410
abr/14;PR;366
mai/14;PR;338
jun/14;PR;313
jul/14;PR;317
ago/14;PR;403
set/14;PR;383
out/14;PR;388
nov/14;PR;463
dez/14;PR;393
jan/15;PR;480
fev/15;PR;410
mar/15;PR;415
abr/15;PR;350
mai/15;PR;331
jun/15;PR;317
jul/15;PR;333
ago/15;PR;434
set/15;PR;403
out/15;PR;439
nov/15;PR;435
dez/15;PR;410
jan/16;PR;447
fev/16;PR;410
mar/16;PR;423
abr/16;PR;393
mai/16;PR;360
jun/16;PR;340
jul/16;PR;400
ago/16;PR;502
set/16;PR;495
out/16;PR;527
nov/16;PR;479
dez/16;PR;518
jan/17;PR;554
fev/17;PR;580
mar/17;PR;547
abr/17;PR;552
mai/17;PR;591
jun/17;PR;515
jul/17;PR;577
ago/17;PR;685
set/17;PR;728
out/17;PR;811
nov/17;PR;815
dez/17;PR;729
jan/18;PR;720
fev/18;PR;666
mar/18;PR;817
abr/18;PR;779
mai/18;PR;703
jun/18;PR;677
jul/18;PR;697
ago/18;PR;732
set/18;PR;837
out/18;PR;980
nov/18;PR;935
dez/18;PR;861
jan/19;PR;957
fev/19;PR;824
mar/19;PR;971
abr/19;PR;1014
mai/19;PR;966
jun/19;PR;964
jul/19;PR;902
ago/19;PR;1023
set/19;PR;1188
out/19;PR;1255
nov/19;PR;1136
dez/19;PR;982
jan/20;PR;971
fev/20;PR;697
mar/20;PR;495
abr/20;PR;302
mai/20;PR;38
jun/20;PR;1
jul/20;PR;0
ago/20;PR;1
set/20;PR;2
out/20;PR;3
nov/20;PR;21
dez/20;PR;35
jan/07;SC;6
fev/07;SC;13
mar/07;SC;28
abr/07;SC;23
mai/07;SC;25
jun/07;SC;31
jul/07;SC;47
ago/07;SC;64
set/07;SC;54
out/07;SC;54
nov/07;SC;61
dez/07;SC;69
jan/08;SC;87
fev/08;SC;78
mar/08;SC;71
abr/08;SC;62
mai/08;SC;62
jun/08;SC;50
jul/08;SC;83
ago/08;SC;48
set/08;SC;59
out/08;SC;62
nov/08;SC;80
dez/08;SC;64
jan/09;SC;78
fev/09;SC;70
mar/09;SC;91
abr/09;SC;96
mai/09;SC;84
jun/09;SC;98
jul/09;SC;75
ago/09;SC;80
set/09;SC;83
out/09;SC;85
nov/09;SC;94
dez/09;SC;75
jan/10;SC;94
fev/10;SC;79
mar/10;SC;84
abr/10;SC;92
mai/10;SC;84
jun/10;SC;88
jul/10;SC;79
ago/10;SC;99
set/10;SC;115
out/10;SC;92
nov/10;SC;120
dez/10;SC;106
jan/11;SC;131
fev/11;SC;139
mar/11;SC;132
abr/11;SC;117
mai/11;SC;95
jun/11;SC;93
jul/11;SC;112
ago/11;SC;103
set/11;SC;140
out/11;SC;138
nov/11;SC;148
dez/11;SC;131
jan/12;SC;161
fev/12;SC;148
mar/12;SC;144
abr/12;SC;107
mai/12;SC;138
jun/12;SC;108
jul/12;SC;128
ago/12;SC;143
set/12;SC;169
out/12;SC;163
nov/12;SC;167
dez/12;SC;150
jan/13;SC;169
fev/13;SC;178
mar/13;SC;177
abr/13;SC;186
mai/13;SC;163
jun/13;SC;151
jul/13;SC;154
ago/13;SC;182
set/13;SC;183
out/13;SC;204
nov/13;SC;185
dez/13;SC;187
jan/14;SC;189
fev/14;SC;180
mar/14;SC;194
abr/14;SC;219
mai/14;SC;196
jun/14;SC;175
jul/14;SC;165
ago/14;SC;201
set/14;SC;208
out/14;SC;198
nov/14;SC;208
dez/14;SC;212
jan/15;SC;233
fev/15;SC;218
mar/15;SC;245
abr/15;SC;208
mai/15;SC;199
jun/15;SC;179
jul/15;SC;217
ago/15;SC;265
set/15;SC;257
out/15;SC;273
nov/15;SC;229
dez/15;SC;260
jan/16;SC;247
fev/16;SC;257
mar/16;SC;250
abr/16;SC;220
mai/16;SC;206
jun/16;SC;220
jul/16;SC;234
ago/16;SC;253
set/16;SC;258
out/16;SC;269
nov/16;SC;288
dez/16;SC;241
jan/17;SC;214
fev/17;SC;286
mar/17;SC;296
abr/17;SC;278
mai/17;SC;274
jun/17;SC;241
jul/17;SC;273
ago/17;SC;326
set/17;SC;367
out/17;SC;369
nov/17;SC;359
dez/17;SC;319
jan/18;SC;365
fev/18;SC;364
mar/18;SC;397
abr/18;SC;382
mai/18;SC;356
jun/18;SC;338
jul/18;SC;347
ago/18;SC;376
set/18;SC;416
out/18;SC;410
nov/18;SC;447
dez/18;SC;444
jan/19;SC;496
fev/19;SC;452
mar/19;SC;530
abr/19;SC;468
mai/19;SC;490
jun/19;SC;456
jul/19;SC;475
ago/19;SC;558
set/19;SC;529
out/19;SC;625
nov/19;SC;525
dez/19;SC;499
jan/20;SC;458
fev/20;SC;479
mar/20;SC;356
abr/20;SC;181
mai/20;SC;13
jun/20;SC;2
jul/20;SC;0
ago/20;SC;0
set/20;SC;0
out/20;SC;0
nov/20;SC;1
dez/20;SC;27
jan/07;RS;3
fev/07;RS;16
mar/07;RS;8
abr/07;RS;14
mai/07;RS;15
jun/07;RS;14
jul/07;RS;8
ago/07;RS;9
set/07;RS;17
out/07;RS;14
nov/07;RS;11
dez/07;RS;14
jan/08;RS;7
fev/08;RS;20
mar/08;RS;11
abr/08;RS;10
mai/08;RS;5
jun/08;RS;12
jul/08;RS;11
ago/08;RS;10
set/08;RS;12
out/08;RS;13
nov/08;RS;18
dez/08;RS;12
jan/09;RS;12
fev/09;RS;23
mar/09;RS;18
abr/09;RS;10
mai/09;RS;13
jun/09;RS;13
jul/09;RS;17
ago/09;RS;16
set/09;RS;23
out/09;RS;14
nov/09;RS;10
dez/09;RS;9
jan/10;RS;24
fev/10;RS;18
mar/10;RS;27
abr/10;RS;16
mai/10;RS;27
jun/10;RS;11
jul/10;RS;17
ago/10;RS;34
set/10;RS;26
out/10;RS;37
nov/10;RS;21
dez/10;RS;23
jan/11;RS;38
fev/11;RS;30
mar/11;RS;24
abr/11;RS;38
mai/11;RS;27
jun/11;RS;19
jul/11;RS;32
ago/11;RS;34
set/11;RS;29
out/11;RS;48
nov/11;RS;65
dez/11;RS;44
jan/12;RS;68
fev/12;RS;47
mar/12;RS;44
abr/12;RS;40
mai/12;RS;48
jun/12;RS;30
jul/12;RS;31
ago/12;RS;50
set/12;RS;45
out/12;RS;47
nov/12;RS;44
dez/12;RS;40
jan/13;RS;46
fev/13;RS;50
mar/13;RS;41
abr/13;RS;41
mai/13;RS;51
jun/13;RS;36
jul/13;RS;45
ago/13;RS;33
set/13;RS;40
out/13;RS;43
nov/13;RS;50
dez/13;RS;59
jan/14;RS;63
fev/14;RS;66
mar/14;RS;70
abr/14;RS;63
mai/14;RS;48
jun/14;RS;42
jul/14;RS;51
ago/14;RS;66
set/14;RS;48
out/14;RS;80
nov/14;RS;48
dez/14;RS;55
jan/15;RS;76
fev/15;RS;62
mar/15;RS;72
abr/15;RS;64
mai/15;RS;78
jun/15;RS;64
jul/15;RS;73
ago/15;RS;80
set/15;RS;74
out/15;RS;68
nov/15;RS;80
dez/15;RS;69
jan/16;RS;78
fev/16;RS;74
mar/16;RS;96
abr/16;RS;83
mai/16;RS;84
jun/16;RS;90
jul/16;RS;91
ago/16;RS;114
set/16;RS;116
out/16;RS;162
nov/16;RS;159
dez/16;RS;136
jan/17;RS;165
fev/17;RS;186
mar/17;RS;183
abr/17;RS;201
mai/17;RS;178
jun/17;RS;203
jul/17;RS;193
ago/17;RS;271
set/17;RS;276
out/17;RS;292
nov/17;RS;282
dez/17;RS;252
jan/18;RS;299
fev/18;RS;268
mar/18;RS;354
abr/18;RS;338
mai/18;RS;271
jun/18;RS;260
jul/18;RS;262
ago/18;RS;279
set/18;RS;349
out/18;RS;395
nov/18;RS;364
dez/18;RS;356
jan/19;RS;392
fev/19;RS;339
mar/19;RS;350
abr/19;RS;343
mai/19;RS;391
jun/19;RS;332
jul/19;RS;331
ago/19;RS;371
set/19;RS;410
out/19;RS;499
nov/19;RS;479
dez/19;RS;444
jan/20;RS;435
fev/20;RS;338
mar/20;RS;262
abr/20;RS;117
mai/20;RS;12
jun/20;RS;1
jul/20;RS;0
ago/20;RS;0
set/20;RS;1
out/20;RS;1
nov/20;RS;1
dez/20;RS;16
jan/07;MS;0
fev/07;MS;10
mar/07;MS;27
abr/07;MS;18
mai/07;MS;27
jun/07;MS;22
jul/07;MS;31
ago/07;MS;31
set/07;MS;13
out/07;MS;42
nov/07;MS;9
dez/07;MS;12
jan/08;MS;13
fev/08;MS;9
mar/08;MS;26
abr/08;MS;33
mai/08;MS;21
jun/08;MS;21
jul/08;MS;30
ago/08;MS;25
set/08;MS;20
out/08;MS;39
nov/08;MS;28
dez/08;MS;18
jan/09;MS;25
fev/09;MS;23
mar/09;MS;27
abr/09;MS;34
mai/09;MS;26
jun/09;MS;21
jul/09;MS;18
ago/09;MS;17
set/09;MS;27
out/09;MS;23
nov/09;MS;26
dez/09;MS;25
jan/10;MS;30
fev/10;MS;30
mar/10;MS;17
abr/10;MS;16
mai/10;MS;29
jun/10;MS;20
jul/10;MS;37
ago/10;MS;36
set/10;MS;30
out/10;MS;34
nov/10;MS;23
dez/10;MS;33
jan/11;MS;41
fev/11;MS;35
mar/11;MS;31
abr/11;MS;28
mai/11;MS;38
jun/11;MS;36
jul/11;MS;42
ago/11;MS;42
set/11;MS;47
out/11;MS;55
nov/11;MS;43
dez/11;MS;55
jan/12;MS;54
fev/12;MS;50
mar/12;MS;50
abr/12;MS;43
mai/12;MS;44
jun/12;MS;63
jul/12;MS;47
ago/12;MS;71
set/12;MS;58
out/12;MS;69
nov/12;MS;63
dez/12;MS;48
jan/13;MS;40
fev/13;MS;49
mar/13;MS;43
abr/13;MS;44
mai/13;MS;47
jun/13;MS;51
jul/13;MS;46
ago/13;MS;56
set/13;MS;69
out/13;MS;55
nov/13;MS;56
dez/13;MS;56
jan/14;MS;47
fev/14;MS;49
mar/14;MS;53
abr/14;MS;31
mai/14;MS;50
jun/14;MS;43
jul/14;MS;37
ago/14;MS;46
set/14;MS;57
out/14;MS;65
nov/14;MS;44
dez/14;MS;60
jan/15;MS;51
fev/15;MS;52
mar/15;MS;58
abr/15;MS;63
mai/15;MS;59
jun/15;MS;41
jul/15;MS;49
ago/15;MS;60
set/15;MS;66
out/15;MS;67
nov/15;MS;59
dez/15;MS;51
jan/16;MS;41
fev/16;MS;33
mar/16;MS;45
abr/16;MS;39
mai/16;MS;53
jun/16;MS;52
jul/16;MS;69
ago/16;MS;74
set/16;MS;46
out/16;MS;75
nov/16;MS;80
dez/16;MS;66
jan/17;MS;70
fev/17;MS;62
mar/17;MS;72
abr/17;MS;58
mai/17;MS;69
jun/17;MS;93
jul/17;MS;90
ago/17;MS;85
set/17;MS;120
out/17;MS;108
nov/17;MS;124
dez/17;MS;91
jan/18;MS;96
fev/18;MS;103
mar/18;MS;119
abr/18;MS;91
mai/18;MS;82
jun/18;MS;84
jul/18;MS;97
ago/18;MS;116
set/18;MS;103
out/18;MS;124
nov/18;MS;123
dez/18;MS;121
jan/19;MS;144
fev/19;MS;114
mar/19;MS;133
abr/19;MS;117
mai/19;MS;142
jun/19;MS;125
jul/19;MS;113
ago/19;MS;154
set/19;MS;175
out/19;MS;179
nov/19;MS;155
dez/19;MS;117
jan/20;MS;120
fev/20;MS;92
mar/20;MS;61
abr/20;MS;27
mai/20;MS;1
jun/20;MS;0
jul/20;MS;0
ago/20;MS;0
set/20;MS;0
out/20;MS;0
nov/20;MS;1
dez/20;MS;4
jan/07;MT;0
fev/07;MT;0
mar/07;MT;0
abr/07;MT;0
mai/07;MT;0
jun/07;MT;0
jul/07;MT;2
ago/07;MT;1
set/07;MT;0
out/07;MT;4
nov/07;MT;4
dez/07;MT;6
jan/08;MT;21
fev/08;MT;11
mar/08;MT;16
abr/08;MT;14
mai/08;MT;14
jun/08;MT;10
jul/08;MT;5
ago/08;MT;13
set/08;MT;7
out/08;MT;6
nov/08;MT;11
dez/08;MT;26
jan/09;MT;11
fev/09;MT;19
mar/09;MT;15
abr/09;MT;5
mai/09;MT;11
jun/09;MT;7
jul/09;MT;5
ago/09;MT;6
set/09;MT;6
out/09;MT;15
nov/09;MT;16
dez/09;MT;14
jan/10;MT;18
fev/10;MT;12
mar/10;MT;25
abr/10;MT;20
mai/10;MT;13
jun/10;MT;19
jul/10;MT;15
ago/10;MT;19
set/10;MT;22
out/10;MT;19
nov/10;MT;21
dez/10;MT;13
jan/11;MT;19
fev/11;MT;17
mar/11;MT;20
abr/11;MT;14
mai/11;MT;8
jun/11;MT;20
jul/11;MT;23
ago/11;MT;21
set/11;MT;19
out/11;MT;27
nov/11;MT;26
dez/11;MT;10
jan/12;MT;11
fev/12;MT;18
mar/12;MT;23
abr/12;MT;25
mai/12;MT;21
jun/12;MT;10
jul/12;MT;12
ago/12;MT;16
set/12;MT;21
out/12;MT;16
nov/12;MT;13
dez/12;MT;16
jan/13;MT;18
fev/13;MT;16
mar/13;MT;19
abr/13;MT;10
mai/13;MT;13
jun/13;MT;14
jul/13;MT;16
ago/13;MT;22
set/13;MT;39
out/13;MT;31
nov/13;MT;22
dez/13;MT;23
jan/14;MT;19
fev/14;MT;10
mar/14;MT;28
abr/14;MT;27
mai/14;MT;29
jun/14;MT;12
jul/14;MT;17
ago/14;MT;21
set/14;MT;29
out/14;MT;23
nov/14;MT;28
dez/14;MT;16
jan/15;MT;36
fev/15;MT;16
mar/15;MT;30
abr/15;MT;16
mai/15;MT;10
jun/15;MT;23
jul/15;MT;15
ago/15;MT;23
set/15;MT;31
out/15;MT;23
nov/15;MT;26
dez/15;MT;12
jan/16;MT;25
fev/16;MT;20
mar/16;MT;22
abr/16;MT;22
mai/16;MT;19
jun/16;MT;20
jul/16;MT;28
ago/16;MT;21
set/16;MT;19
out/16;MT;18
nov/16;MT;15
dez/16;MT;10
jan/17;MT;17
fev/17;MT;18
mar/17;MT;21
abr/17;MT;20
mai/17;MT;24
jun/17;MT;22
jul/17;MT;18
ago/17;MT;33
set/17;MT;19
out/17;MT;33
nov/17;MT;30
dez/17;MT;20
jan/18;MT;21
fev/18;MT;24
mar/18;MT;27
abr/18;MT;29
mai/18;MT;26
jun/18;MT;38
jul/18;MT;31
ago/18;MT;26
set/18;MT;25
out/18;MT;32
nov/18;MT;32
dez/18;MT;38
jan/19;MT;51
fev/19;MT;33
mar/19;MT;61
abr/19;MT;48
mai/19;MT;60
jun/19;MT;41
jul/19;MT;33
ago/19;MT;58
set/19;MT;67
out/19;MT;87
nov/19;MT;55
dez/19;MT;59
jan/20;MT;58
fev/20;MT;57
mar/20;MT;26
abr/20;MT;17
mai/20;MT;0
jun/20;MT;0
jul/20;MT;0
ago/20;MT;0
set/20;MT;0
out/20;MT;0
nov/20;MT;0
dez/20;MT;3
jan/07;GO;9
fev/07;GO;11
mar/07;GO;23
abr/07;GO;30
mai/07;GO;29
jun/07;GO;19
jul/07;GO;20
ago/07;GO;27
set/07;GO;34
out/07;GO;27
nov/07;GO;21
dez/07;GO;23
jan/08;GO;37
fev/08;GO;28
mar/08;GO;34
abr/08;GO;19
mai/08;GO;15
jun/08;GO;25
jul/08;GO;23
ago/08;GO;23
set/08;GO;13
out/08;GO;22
nov/08;GO;20
dez/08;GO;26
jan/09;GO;31
fev/09;GO;21
mar/09;GO;24
abr/09;GO;28
mai/09;GO;34
jun/09;GO;27
jul/09;GO;42
ago/09;GO;50
set/09;GO;41
out/09;GO;39
nov/09;GO;53
dez/09;GO;30
jan/10;GO;25
fev/10;GO;32
mar/10;GO;30
abr/10;GO;42
mai/10;GO;41
jun/10;GO;24
jul/10;GO;38
ago/10;GO;57
set/10;GO;37
out/10;GO;31
nov/10;GO;41
dez/10;GO;38
jan/11;GO;19
fev/11;GO;45
mar/11;GO;40
abr/11;GO;63
mai/11;GO;39
jun/11;GO;46
jul/11;GO;34
ago/11;GO;35
set/11;GO;38
out/11;GO;36
nov/11;GO;35
dez/11;GO;30
jan/12;GO;45
fev/12;GO;58
mar/12;GO;53
abr/12;GO;55
mai/12;GO;38
jun/12;GO;54
jul/12;GO;49
ago/12;GO;59
set/12;GO;56
out/12;GO;50
nov/12;GO;68
dez/12;GO;51
jan/13;GO;68
fev/13;GO;61
mar/13;GO;64
abr/13;GO;46
mai/13;GO;60
jun/13;GO;82
jul/13;GO;88
ago/13;GO;91
set/13;GO;126
out/13;GO;138
nov/13;GO;109
dez/13;GO;78
jan/14;GO;97
fev/14;GO;91
mar/14;GO;122
abr/14;GO;115
mai/14;GO;88
jun/14;GO;82
jul/14;GO;107
ago/14;GO;147
set/14;GO;110
out/14;GO;97
nov/14;GO;113
dez/14;GO;78
jan/15;GO;114
fev/15;GO;94
mar/15;GO;94
abr/15;GO;80
mai/15;GO;65
jun/15;GO;73
jul/15;GO;100
ago/15;GO;105
set/15;GO;133
out/15;GO;98
nov/15;GO;101
dez/15;GO;83
jan/16;GO;88
fev/16;GO;83
mar/16;GO;83
abr/16;GO;66
mai/16;GO;75
jun/16;GO;114
jul/16;GO;101
ago/16;GO;145
set/16;GO;163
out/16;GO;147
nov/16;GO;119
dez/16;GO;103
jan/17;GO;134
fev/17;GO;137
mar/17;GO;132
abr/17;GO;139
mai/17;GO;142
jun/17;GO;118
jul/17;GO;146
ago/17;GO;153
set/17;GO;144
out/17;GO;159
nov/17;GO;164
dez/17;GO;143
jan/18;GO;135
fev/18;GO;137
mar/18;GO;156
abr/18;GO;118
mai/18;GO;149
jun/18;GO;157
jul/18;GO;167
ago/18;GO;175
set/18;GO;197
out/18;GO;195
nov/18;GO;203
dez/18;GO;190
jan/19;GO;204
fev/19;GO;213
mar/19;GO;208
abr/19;GO;175
mai/19;GO;220
jun/19;GO;211
jul/19;GO;201
ago/19;GO;264
set/19;GO;301
out/19;GO;321
nov/19;GO;304
dez/19;GO;251
jan/20;GO;241
fev/20;GO;227
mar/20;GO;223
abr/20;GO;114
mai/20;GO;3
jun/20;GO;0
jul/20;GO;1
ago/20;GO;0
set/20;GO;1
out/20;GO;0
nov/20;GO;1
dez/20;GO;22
jan/07;DF;0
fev/07;DF;0
mar/07;DF;1
abr/07;DF;0
mai/07;DF;0
jun/07;DF;0
jul/07;DF;0
ago/07;DF;0
set/07;DF;0
out/07;DF;0
nov/07;DF;0
dez/07;DF;0
jan/08;DF;1
fev/08;DF;0
mar/08;DF;0
abr/08;DF;0
mai/08;DF;0
jun/08;DF;0
jul/08;DF;0
ago/08;DF;0
set/08;DF;0
out/08;DF;0
nov/08;DF;0
dez/08;DF;0
jan/09;DF;0
fev/09;DF;0
mar/09;DF;0
abr/09;DF;0
mai/09;DF;0
jun/09;DF;1
jul/09;DF;0
ago/09;DF;2
set/09;DF;0
out/09;DF;0
nov/09;DF;1
dez/09;DF;1
jan/10;DF;1
fev/10;DF;1
mar/10;DF;0
abr/10;DF;0
mai/10;DF;0
jun/10;DF;0
jul/10;DF;1
ago/10;DF;0
set/10;DF;5
out/10;DF;18
nov/10;DF;15
dez/10;DF;27
jan/11;DF;25
fev/11;DF;23
mar/11;DF;30
abr/11;DF;29
mai/11;DF;21
jun/11;DF;36
jul/11;DF;23
ago/11;DF;19
set/11;DF;21
out/11;DF;15
nov/11;DF;26
dez/11;DF;46
jan/12;DF;53
fev/12;DF;53
mar/12;DF;77
abr/12;DF;108
mai/12;DF;51
jun/12;DF;50
jul/12;DF;34
ago/12;DF;41
set/12;DF;32
out/12;DF;50
nov/12;DF;32
dez/12;DF;50
jan/13;DF;69
fev/13;DF;66
mar/13;DF;50
abr/13;DF;87
mai/13;DF;90
jun/13;DF;93
jul/13;DF;121
ago/13;DF;147
set/13;DF;166
out/13;DF;144
nov/13;DF;138
dez/13;DF;101
jan/14;DF;130
fev/14;DF;93
mar/14;DF;121
abr/14;DF;93
mai/14;DF;56
jun/14;DF;42
jul/14;DF;36
ago/14;DF;50
set/14;DF;69
out/14;DF;62
nov/14;DF;61
dez/14;DF;50
jan/15;DF;59
fev/15;DF;50
mar/15;DF;30
abr/15;DF;49
mai/15;DF;41
jun/15;DF;48
jul/15;DF;69
ago/15;DF;69
set/15;DF;43
out/15;DF;50
nov/15;DF;64
dez/15;DF;46
jan/16;DF;63
fev/16;DF;69
mar/16;DF;61
abr/16;DF;48
mai/16;DF;79
jun/16;DF;64
jul/16;DF;67
ago/16;DF;65
set/16;DF;64
out/16;DF;76
nov/16;DF;64
dez/16;DF;59
jan/17;DF;76
fev/17;DF;69
mar/17;DF;82
abr/17;DF;68
mai/17;DF;72
jun/17;DF;90
jul/17;DF;69
ago/17;DF;116
set/17;DF;129
out/17;DF;140
nov/17;DF;111
dez/17;DF;104
jan/18;DF;126
fev/18;DF;120
mar/18;DF;121
abr/18;DF;124
mai/18;DF;142
jun/18;DF;152
jul/18;DF;138
ago/18;DF;169
set/18;DF;159
out/18;DF;188
nov/18;DF;173
dez/18;DF;167
jan/19;DF;185
fev/19;DF;168
mar/19;DF;195
abr/19;DF;167
mai/19;DF;193
jun/19;DF;166
jul/19;DF;204
ago/19;DF;261
set/19;DF;301
out/19;DF;333
nov/19;DF;290
dez/19;DF;282
jan/20;DF;269
fev/20;DF;127
mar/20;DF;0
abr/20;DF;0
mai/20;DF;0
jun/20;DF;0
jul/20;DF;0
ago/20;DF;0
set/20;DF;0
out/20;DF;0
nov/20;DF;0
dez/20;DF;18
